ada_start_date,price_open,price_high,price_low,price_close,volume_traded,trades_count
2018-09-30T00:00:00.0000000Z,0.0845,0.091849,0.0832,0.085512,1576881.39226942,390
2018-10-01T00:00:00.0000000Z,0.0855,0.089969,0.081956,0.084921,2694654.35140336,611
2018-10-02T00:00:00.0000000Z,0.084781,0.085138,0.081,0.081271,2218226.49412011,622
2018-10-03T00:00:00.0000000Z,0.0822,0.08788,0.073,0.079699,2188301.73502696,583
2018-10-04T00:00:00.0000000Z,0.080449,0.09,0.0803,0.081665,3633244.20974076,1108
2018-10-05T00:00:00.0000000Z,0.081247,0.084378,0.080024,0.083434,1687493.00261452,450
2018-10-06T00:00:00.0000000Z,0.082929,0.083538,0.080403,0.08085,1000543.85625406,258
2018-10-07T00:00:00.0000000Z,0.081288,0.0872,0.0802,0.08462,1162986.52545518,265
2018-10-08T00:00:00.0000000Z,0.084695,0.088849,0.0805,0.086797,1997133.53757279,453
2018-10-09T00:00:00.0000000Z,0.0868,0.087597,0.0841,0.086164,1217168.56551525,218
2018-10-10T00:00:00.0000000Z,0.086339,0.08634,0.082763,0.08454,1508587.84469686,292
2018-10-11T00:00:00.0000000Z,0.084478,0.084478,0.069,0.069801,5579584.60069914,1234
2018-10-12T00:00:00.0000000Z,0.069363,0.075635,0.068501,0.072493,2209916.50588814,592
2018-10-13T00:00:00.0000000Z,0.07175,0.074027,0.071409,0.072321,1664804.48780371,293
2018-10-14T00:00:00.0000000Z,0.072134,0.07331,0.066,0.07015,1278320.6548898,315
2018-10-15T00:00:00.0000000Z,0.069655,0.077,0.0685,0.073273,8571918.50232204,1827
2018-10-16T00:00:00.0000000Z,0.072901,0.08199,0.072644,0.074699,1796969.32141895,313
2018-10-17T00:00:00.0000000Z,0.074698,0.078998,0.07402,0.076399,2405916.47313149,487
2018-10-18T00:00:00.0000000Z,0.076699,0.0773,0.0725,0.074484,2233062.08825602,467
2018-10-19T00:00:00.0000000Z,0.074,0.0756,0.073116,0.075185,1701502.92393466,396
2018-10-20T00:00:00.0000000Z,0.07511,0.077499,0.074,0.07585,2127441.21504186,387
2018-10-21T00:00:00.0000000Z,0.076165,0.076771,0.07535,0.07535,639831.27944442,147
2018-10-22T00:00:00.0000000Z,0.075122,0.076075,0.074459,0.075237,596139.02311807,310
2018-10-23T00:00:00.0000000Z,0.075237,0.077449,0.07,0.0741,1792176.19004124,434
2018-10-24T00:00:00.0000000Z,0.07426,0.076999,0.0734,0.0734,850605.89881806,203
2018-10-25T00:00:00.0000000Z,0.073815,0.073871,0.072699,0.0734,407334.13518192,126
2018-10-26T00:00:00.0000000Z,0.0734,0.073767,0.071948,0.07322,783189.42138048,250
2018-10-27T00:00:00.0000000Z,0.073481,0.073481,0.072404,0.072796,404165.75897046,115
2018-10-28T00:00:00.0000000Z,0.0727,0.072956,0.072101,0.0726,310020.34339524,92
2018-10-29T00:00:00.0000000Z,0.072807,0.073143,0.068001,0.069399,2474534.11730429,513
2018-10-30T00:00:00.0000000Z,0.06959,0.077,0.068794,0.0697,1539960.7420564,291
2018-10-31T00:00:00.0000000Z,0.0697,0.070491,0.068,0.069731,1047675.07638037,283
2018-11-01T00:00:00.0000000Z,0.069638,0.071041,0.0692,0.070765,602823.17295555,168
2018-11-02T00:00:00.0000000Z,0.070851,0.073,0.070496,0.0724,906477.73785538,186
2018-11-03T00:00:00.0000000Z,0.07235,0.07235,0.070366,0.070993,622592.72268687,129
2018-11-04T00:00:00.0000000Z,0.071,0.077898,0.071,0.077407,5677775.72166208,866
2018-11-05T00:00:00.0000000Z,0.077,0.078821,0.074633,0.076248,1776122.48795335,288
2018-11-06T00:00:00.0000000Z,0.076564,0.0811,0.076564,0.080824,2803153.93878645,720
2018-11-07T00:00:00.0000000Z,0.080824,0.081674,0.077,0.0785,2643876.15553284,470
2018-11-08T00:00:00.0000000Z,0.078599,0.079,0.076,0.076,2594682.54206548,434
2018-11-09T00:00:00.0000000Z,0.076,0.0772,0.073252,0.0737,1850667.52092955,462
2018-11-10T00:00:00.0000000Z,0.0737,0.079,0.073208,0.074699,1058437.53132674,286
2018-11-11T00:00:00.0000000Z,0.074662,0.077223,0.074,0.0763,2282732.92548292,470
2018-11-12T00:00:00.0000000Z,0.07608,0.076799,0.074517,0.075787,968830.28209123,249
2018-11-13T00:00:00.0000000Z,0.075753,0.075753,0.072211,0.073,2155891.28008145,532
2018-11-14T00:00:00.0000000Z,0.072438,0.073,0.059,0.063304,8101589.92764893,1721
2018-11-15T00:00:00.0000000Z,0.063061,0.066875,0.056,0.062599,6012698.24001048,975
2018-11-16T00:00:00.0000000Z,0.062299,0.06269,0.058653,0.06022,2025850.42339193,504
2018-11-17T00:00:00.0000000Z,0.06,0.060298,0.058578,0.059919,1765655.83876155,425
2018-11-18T00:00:00.0000000Z,0.060004,0.062639,0.060004,0.060815,1875884.87056453,331
2018-11-19T00:00:00.0000000Z,0.060971,0.075,0.053,0.057995,7101084.22502521,1480
2018-11-20T00:00:00.0000000Z,0.055101,0.06244,0.04246,0.045001,9137159.11152131,1858
2018-11-21T00:00:00.0000000Z,0.045001,0.049796,0.04328,0.047672,4465533.87445998,714
2018-11-22T00:00:00.0000000Z,0.047612,0.047994,0.044602,0.044602,2551648.44368177,659
2018-11-23T00:00:00.0000000Z,0.045761,0.045862,0.040819,0.043199,2272984.15515759,383
2018-11-24T00:00:00.0000000Z,0.043322,0.04655,0.032,0.035786,5926091.34946116,823
2018-11-25T00:00:00.0000000Z,0.037564,0.0383,0.027,0.037099,9840089.5403343,1110
2018-11-26T00:00:00.0000000Z,0.037175,0.0389,0.032,0.034923,11307326.50359188,1260
2018-11-27T00:00:00.0000000Z,0.034986,0.0365,0.031,0.0361,4117139.7157535,517
2018-11-28T00:00:00.0000000Z,0.036293,0.05,0.036095,0.041753,12951767.88188915,1965
2018-11-29T00:00:00.0000000Z,0.042099,0.0455,0.0393,0.041465,6277024.90349933,763
2018-11-30T00:00:00.0000000Z,0.041598,0.04207,0.037,0.0386,4878707.08369579,743
2018-12-01T00:00:00.0000000Z,0.038637,0.04395,0.037567,0.040927,5764729.02753625,672
2018-12-02T00:00:00.0000000Z,0.041,0.044,0.03984,0.0412,2333091.43273152,272
2018-12-03T00:00:00.0000000Z,0.041318,0.042023,0.0375,0.038007,2474179.06746201,368
2018-12-04T00:00:00.0000000Z,0.038007,0.04379,0.035332,0.036948,7647726.22034821,718
2018-12-05T00:00:00.0000000Z,0.036895,0.037,0.033315,0.03375,6937032.00645556,570
2018-12-06T00:00:00.0000000Z,0.033899,0.0375,0.03,0.030218,6552963.44787343,625
2018-12-07T00:00:00.0000000Z,0.030268,0.0345,0.025601,0.029453,13401186.58121558,1114
2018-12-08T00:00:00.0000000Z,0.029444,0.031701,0.028492,0.030983,3146583.45883665,492
2018-12-09T00:00:00.0000000Z,0.030321,0.032426,0.02952,0.031198,1556503.7936121,304
2018-12-10T00:00:00.0000000Z,0.031499,0.0315,0.029131,0.029635,2956745.11509149,374
2018-12-11T00:00:00.0000000Z,0.029545,0.029991,0.028299,0.028968,3506004.42073996,377
2018-12-12T00:00:00.0000000Z,0.028828,0.0308,0.028702,0.03,1641927.39976869,227
2018-12-13T00:00:00.0000000Z,0.030266,0.030349,0.0284,0.028674,2929185.87812695,286
2018-12-14T00:00:00.0000000Z,0.02876,0.029483,0.027002,0.028093,3259499.69716973,294
2018-12-15T00:00:00.0000000Z,0.02796,0.028239,0.02732,0.0278,2768704.20987525,228
2018-12-16T00:00:00.0000000Z,0.027871,0.029394,0.027723,0.028723,2977818.93168696,307
2018-12-17T00:00:00.0000000Z,0.028955,0.034895,0.028811,0.032545,8462619.28081604,641
2018-12-18T00:00:00.0000000Z,0.032582,0.03489,0.031309,0.03442,4655709.75796279,437
2018-12-19T00:00:00.0000000Z,0.03442,0.0399,0.0339,0.0339,9882301.30715414,948
2018-12-20T00:00:00.0000000Z,0.0339,0.04,0.033655,0.038798,7273097.90389966,801
2018-12-21T00:00:00.0000000Z,0.03835,0.044804,0.038,0.040499,9252858.78285681,1323
2018-12-22T00:00:00.0000000Z,0.0404,0.041899,0.038148,0.041899,3349474.71101464,656
2018-12-23T00:00:00.0000000Z,0.042,0.044654,0.041272,0.043898,6942473.59393751,782
2018-12-24T00:00:00.0000000Z,0.044506,0.0494,0.044207,0.0454,7791584.46323188,1020
2018-12-25T00:00:00.0000000Z,0.045337,0.045337,0.038884,0.041286,6374899.44813857,949
2018-12-26T00:00:00.0000000Z,0.040959,0.042993,0.038684,0.040833,1535584.93341858,638
2018-12-27T00:00:00.0000000Z,0.04069,0.0412,0.035908,0.036362,5000542.0164102,867
2018-12-28T00:00:00.0000000Z,0.036496,0.042982,0.036003,0.041372,4813003.76251096,765
2018-12-29T00:00:00.0000000Z,0.041427,0.04495,0.03999,0.0407,8637302.45244032,815
2018-12-30T00:00:00.0000000Z,0.04091,0.043195,0.039703,0.043195,2796649.42742459,454
2018-12-31T00:00:00.0000000Z,0.042998,0.042998,0.03979,0.0407,3490104.06885641,498
2019-01-01T00:00:00.0000000Z,0.040388,0.042989,0.039696,0.0421,3952223.83159807,507
2019-01-02T00:00:00.0000000Z,0.04245,0.04749,0.041672,0.045274,3184579.55434734,578
2019-01-03T00:00:00.0000000Z,0.044904,0.044999,0.041963,0.042251,2176213.66722337,500
2019-01-04T00:00:00.0000000Z,0.0422,0.044098,0.04201,0.043808,1327716.97204025,354
2019-01-05T00:00:00.0000000Z,0.043482,0.045519,0.042788,0.044145,3992446.61837401,559
2019-01-06T00:00:00.0000000Z,0.044226,0.049698,0.044226,0.048691,4595175.30042463,667
2019-01-07T00:00:00.0000000Z,0.04933,0.051101,0.047131,0.04813,4471221.96579319,904
2019-01-09T00:00:00.0000000Z,0.048389,0.053214,0.048308,0.051932,8020510.04222158,1056
2019-01-10T00:00:00.0000000Z,0.05228,0.067,0.041549,0.044137,16785214.35799915,2054
2019-01-11T00:00:00.0000000Z,0.044137,0.045001,0.042103,0.043796,5755766.04684341,781
2019-01-12T00:00:00.0000000Z,0.043694,0.044053,0.0424,0.043386,3388476.25005737,426
2019-01-13T00:00:00.0000000Z,0.043396,0.043396,0.039199,0.0397,3851770.90655059,619
2019-01-14T00:00:00.0000000Z,0.0399,0.044487,0.039701,0.043866,4882892.65135883,625
2019-01-15T00:00:00.0000000Z,0.043999,0.044086,0.041146,0.042224,2308630.76362384,520
2019-01-16T00:00:00.0000000Z,0.042252,0.044801,0.042105,0.044339,3078759.90147269,667
2019-01-17T00:00:00.0000000Z,0.044515,0.045898,0.0434,0.045062,3255657.58496549,676
2019-01-18T00:00:00.0000000Z,0.045085,0.045089,0.043382,0.043824,1317880.35740159,260
2019-01-19T00:00:00.0000000Z,0.043927,0.046266,0.043459,0.045328,2327405.14751639,471
2019-01-20T00:00:00.0000000Z,0.045429,0.046083,0.04151,0.042999,5122826.70620877,647
2019-01-21T00:00:00.0000000Z,0.042962,0.0458,0.042029,0.042604,6479264.15654266,790
2019-01-22T00:00:00.0000000Z,0.042652,0.043832,0.041167,0.043456,6365214.8759002,710
2019-01-23T00:00:00.0000000Z,0.043456,0.044249,0.042299,0.042888,3079564.05655979,375
2019-01-24T00:00:00.0000000Z,0.042525,0.043374,0.0423,0.042948,1005670.3534406,156
2019-01-25T00:00:00.0000000Z,0.042947,0.043135,0.042035,0.042346,2018036.76940216,414
2019-01-26T00:00:00.0000000Z,0.042433,0.04381,0.042218,0.042319,1279530.38703779,253
2019-01-27T00:00:00.0000000Z,0.042331,0.042364,0.040297,0.040745,1158540.93631387,429
2019-01-28T00:00:00.0000000Z,0.040658,0.040787,0.036535,0.038447,3537103.14105811,748
2019-01-29T00:00:00.0000000Z,0.038447,0.0391,0.036567,0.037948,2359271.81909572,409
2019-01-30T00:00:00.0000000Z,0.037769,0.04,0.037388,0.039301,3560135.37026474,460
2019-01-31T00:00:00.0000000Z,0.039688,0.040245,0.037669,0.038247,1363347.38572822,353
2019-02-01T00:00:00.0000000Z,0.03807,0.038601,0.0368,0.038398,2566572.73822705,459
2019-02-02T00:00:00.0000000Z,0.038218,0.038973,0.037821,0.038971,1101579.39138056,194
2019-02-03T00:00:00.0000000Z,0.038988,0.039,0.037329,0.03765,1000863.39261441,226
2019-02-04T00:00:00.0000000Z,0.037762,0.03825,0.037463,0.037627,477973.60051124,175
2019-02-05T00:00:00.0000000Z,0.037529,0.037946,0.03703,0.037641,1074788.6045517,284
2019-02-06T00:00:00.0000000Z,0.03768,0.037715,0.035597,0.036368,2944561.42796404,429
2019-02-07T00:00:00.0000000Z,0.036296,0.0369,0.036092,0.036164,427379.98387151,147
2019-02-08T00:00:00.0000000Z,0.036182,0.041926,0.035871,0.040493,2748691.83874306,773
2019-02-09T00:00:00.0000000Z,0.0404,0.041975,0.039994,0.040884,3178342.93023088,435
2019-02-10T00:00:00.0000000Z,0.040883,0.042868,0.039485,0.0426,5702467.67817332,498
2019-02-11T00:00:00.0000000Z,0.042443,0.042443,0.040847,0.041397,3644066.49366144,415
2019-02-12T00:00:00.0000000Z,0.0412,0.041585,0.0401,0.041386,2926041.7477533,450
2019-02-13T00:00:00.0000000Z,0.041362,0.041921,0.040599,0.040743,1095710.07903272,210
2019-02-14T00:00:00.0000000Z,0.040702,0.04103,0.039509,0.040022,402234.90595494,190
2019-02-15T00:00:00.0000000Z,0.040116,0.041005,0.039765,0.040193,1397915.74013597,359
2019-02-16T00:00:00.0000000Z,0.040159,0.041003,0.040159,0.040676,2117347.46123126,262
2019-02-17T00:00:00.0000000Z,0.040695,0.041845,0.040073,0.041171,1846886.02204494,476
2019-02-18T00:00:00.0000000Z,0.041273,0.0485,0.040976,0.045202,13566473.53893785,1388
2019-02-19T00:00:00.0000000Z,0.045191,0.048172,0.045111,0.045773,5465786.25087076,697
2019-02-20T00:00:00.0000000Z,0.045906,0.047402,0.0445,0.0473,1715231.97311736,285
2019-02-21T00:00:00.0000000Z,0.047278,0.047707,0.0441,0.044461,4352649.23128698,494
2019-02-22T00:00:00.0000000Z,0.044842,0.045777,0.044174,0.045625,2256501.93427716,214
2019-02-23T00:00:00.0000000Z,0.04569,0.04897,0.045278,0.048336,4855490.70236727,575
2019-02-24T00:00:00.0000000Z,0.0486,0.050574,0.041282,0.041575,18753473.7654607,1471
2019-02-25T00:00:00.0000000Z,0.041547,0.044399,0.041546,0.043416,2790125.84834799,479
2019-02-26T00:00:00.0000000Z,0.043476,0.043494,0.0421,0.0428,1837374.53135258,233
2019-02-27T00:00:00.0000000Z,0.042594,0.043301,0.041188,0.042813,1965231.1862592,395
2019-02-28T00:00:00.0000000Z,0.042651,0.043762,0.0424,0.042765,1107048.3458134,227
2019-03-01T00:00:00.0000000Z,0.042789,0.043928,0.042532,0.042762,3238220.32429214,337
2019-03-02T00:00:00.0000000Z,0.043012,0.043185,0.041994,0.042345,1161711.91193563,197
2019-03-03T00:00:00.0000000Z,0.042436,0.042535,0.041564,0.041913,558964.22143333,142
2019-03-04T00:00:00.0000000Z,0.04184,0.041994,0.0392,0.0402,3325530.2238362,467
2019-03-05T00:00:00.0000000Z,0.040126,0.04308,0.039803,0.042601,2539785.243571,443
2019-03-06T00:00:00.0000000Z,0.042781,0.043207,0.041875,0.0424,1269671.42638005,265
2019-03-07T00:00:00.0000000Z,0.04245,0.043289,0.041992,0.042545,1529729.00676787,343
2019-03-08T00:00:00.0000000Z,0.042413,0.043334,0.041881,0.042277,1556294.51610402,370
2019-03-09T00:00:00.0000000Z,0.0422,0.046747,0.0422,0.046392,4622632.37450078,736
2019-03-10T00:00:00.0000000Z,0.046164,0.046164,0.044072,0.045205,4102870.73856024,491
2019-03-11T00:00:00.0000000Z,0.045294,0.048309,0.044498,0.047391,3463662.79816771,1031
2019-03-12T00:00:00.0000000Z,0.047294,0.0479,0.044753,0.0471,6134687.10025472,896
2019-03-13T00:00:00.0000000Z,0.046925,0.0481,0.0458,0.04618,3050918.23829845,599
2019-03-14T00:00:00.0000000Z,0.046152,0.04789,0.045763,0.04733,2620778.44166619,586
2019-03-15T00:00:00.0000000Z,0.047566,0.05028,0.047306,0.049579,6286072.40284078,1042
2019-03-16T00:00:00.0000000Z,0.049699,0.051502,0.049004,0.05122,6155636.82330383,808
2019-03-17T00:00:00.0000000Z,0.05102,0.051249,0.049314,0.0497,4322333.63996013,679
2019-03-18T00:00:00.0000000Z,0.049658,0.050722,0.048871,0.04978,3256335.01643638,543
2019-03-19T00:00:00.0000000Z,0.049897,0.053245,0.049062,0.051971,6316598.21715745,1265
2019-03-20T00:00:00.0000000Z,0.051935,0.053499,0.050947,0.05328,5977181.69491383,1083
2019-03-21T00:00:00.0000000Z,0.053359,0.0544,0.049898,0.05234,8685026.12319816,1494
2019-03-22T00:00:00.0000000Z,0.051984,0.0586,0.051913,0.057744,12510696.64740756,2274
2019-03-23T00:00:00.0000000Z,0.057561,0.064132,0.056652,0.0631,11677771.76763136,2128
2019-03-24T00:00:00.0000000Z,0.063137,0.071,0.058741,0.06119,15043871.05496546,1904
2019-03-25T00:00:00.0000000Z,0.0609,0.0609,0.056006,0.058535,12430709.64762813,2048
2019-03-26T00:00:00.0000000Z,0.058341,0.061532,0.058334,0.061411,7581850.49285445,1289
2019-03-27T00:00:00.0000000Z,0.061043,0.0675,0.060321,0.066811,11978756.5832833,2008
2019-03-28T00:00:00.0000000Z,0.066804,0.066804,0.06342,0.065188,7418293.89541668,1096
2019-03-29T00:00:00.0000000Z,0.065268,0.072698,0.065268,0.07135,14193439.89532989,2139
2019-03-30T00:00:00.0000000Z,0.07135,0.072707,0.0685,0.071569,9214435.07688999,1352
2019-03-31T00:00:00.0000000Z,0.072056,0.072056,0.069114,0.069574,2469345.85927789,554
2019-04-01T00:00:00.0000000Z,0.069363,0.072442,0.06848,0.072044,6033358.43718898,1024
2019-04-02T00:00:00.0000000Z,0.071953,0.08611,0.07048,0.08599,27200389.88885908,4046
2019-04-03T00:00:00.0000000Z,0.086299,0.10184,0.0525,0.091052,32740362.95825724,5422
2019-04-04T00:00:00.0000000Z,0.091052,0.094783,0.081,0.087492,14747017.24047717,2623
2019-04-05T00:00:00.0000000Z,0.088095,0.092263,0.087084,0.09095,6180386.97903269,1352
2019-04-06T00:00:00.0000000Z,0.090837,0.094012,0.0878,0.0895,5327828.53907773,1137
2019-04-07T00:00:00.0000000Z,0.089899,0.091304,0.08829,0.089778,5299039.8482801,975
2019-04-08T00:00:00.0000000Z,0.089803,0.0919,0.083354,0.08707,8327391.73580406,1537
2019-04-09T00:00:00.0000000Z,0.08678,0.0868,0.080901,0.083719,4848810.92344715,1045
2019-04-10T00:00:00.0000000Z,0.083625,0.092572,0.083625,0.089759,9387695.87945621,1350
2019-04-11T00:00:00.0000000Z,0.090036,0.090399,0.0768,0.083127,10901165.27179919,1973
2019-04-12T00:00:00.0000000Z,0.083277,0.085257,0.080001,0.083091,5735964.23442409,936
2019-04-13T00:00:00.0000000Z,0.083196,0.08511,0.082476,0.083451,3622898.62327218,524
2019-04-14T00:00:00.0000000Z,0.083159,0.085257,0.081,0.084502,1978280.42130458,671
2019-04-15T00:00:00.0000000Z,0.084984,0.085452,0.080348,0.081697,6921383.80764575,1400
2019-04-16T00:00:00.0000000Z,0.081677,0.08382,0.080005,0.083444,5489125.47716817,1051
2019-04-17T00:00:00.0000000Z,0.083248,0.084614,0.081729,0.082821,4763629.18586447,1103
2019-04-19T00:00:00.0000000Z,0.081612,0.081685,0.07765,0.079248,8189981.89305294,1314
2019-04-20T00:00:00.0000000Z,0.079352,0.07936,0.075,0.076183,8177021.36396593,1164
2019-04-21T00:00:00.0000000Z,0.076296,0.07805,0.071368,0.073955,5334267.04599444,1114
2019-04-22T00:00:00.0000000Z,0.073631,0.079851,0.072108,0.078345,6507530.69655073,1444
2019-04-23T00:00:00.0000000Z,0.078354,0.080079,0.073946,0.07417,5112161.12697907,2258
2019-04-24T00:00:00.0000000Z,0.074052,0.075573,0.068179,0.072454,9441569.06791757,1703
2019-04-25T00:00:00.0000000Z,0.072554,0.0759,0.06693,0.068362,12478221.91970828,2911
2019-04-26T00:00:00.0000000Z,0.068027,0.0692,0.06518,0.067932,7822284.77596942,1490
2019-04-27T00:00:00.0000000Z,0.067887,0.0706,0.066858,0.069073,2305844.56310955,1308
2019-04-28T00:00:00.0000000Z,0.069064,0.069432,0.06597,0.066911,1446956.47726556,827
2019-04-29T00:00:00.0000000Z,0.066877,0.067537,0.063,0.063758,3606612.49177901,1185
2019-04-30T00:00:00.0000000Z,0.064037,0.069638,0.0637,0.06931,3694623.20836241,1187
2019-05-01T00:00:00.0000000Z,0.069323,0.07023,0.066194,0.068087,4481873.08137794,1434
2019-05-02T00:00:00.0000000Z,0.067782,0.068472,0.066981,0.067352,3500418.60585236,715
2019-05-03T00:00:00.0000000Z,0.067104,0.074,0.0665,0.068826,11052097.77872355,1673
2019-05-04T00:00:00.0000000Z,0.069083,0.070949,0.065203,0.066269,8567252.0661242,1145
2019-05-05T00:00:00.0000000Z,0.066259,0.067266,0.06482,0.0655,3166600.91942016,388
2019-05-06T00:00:00.0000000Z,0.065252,0.06815,0.062891,0.06615,4416848.16411082,774
2019-05-07T00:00:00.0000000Z,0.066446,0.068239,0.0629,0.0631,5940076.75254884,1024
2019-05-08T00:00:00.0000000Z,0.0631,0.06458,0.062,0.064019,3839410.80621446,557
2019-05-09T00:00:00.0000000Z,0.064107,0.06495,0.06,0.061305,6908392.01484828,1037
2019-05-10T00:00:00.0000000Z,0.061322,0.06503,0.05914,0.063069,5416711.76083791,944
2019-05-11T00:00:00.0000000Z,0.063034,0.079335,0.063034,0.075305,23558481.13218183,3977
2019-05-12T00:00:00.0000000Z,0.075183,0.077499,0.068,0.070487,20584996.67071089,3218
2019-05-13T00:00:00.0000000Z,0.070088,0.077178,0.069707,0.072947,12708381.53912411,2288
2019-05-14T00:00:00.0000000Z,0.073296,0.085,0.073141,0.0849,17444581.58154263,3424
2019-05-15T00:00:00.0000000Z,0.084998,0.0957,0.083365,0.094181,17526681.41765265,3007
2019-05-16T00:00:00.0000000Z,0.094398,0.100699,0.08297,0.087906,22685258.95285048,3896
2019-05-17T00:00:00.0000000Z,0.088665,0.090547,0.07313,0.083012,30798093.89036477,4509
2019-05-18T00:00:00.0000000Z,0.083012,0.08492,0.078471,0.0789,7767623.55115028,1676
2019-05-19T00:00:00.0000000Z,0.079084,0.088276,0.078654,0.086824,11340095.39617043,2213
2019-05-20T00:00:00.0000000Z,0.086669,0.0875,0.07927,0.085107,7814110.02498469,2051
2019-05-21T00:00:00.0000000Z,0.085142,0.08694,0.082501,0.084652,5511096.37062779,1137
2019-05-22T00:00:00.0000000Z,0.084704,0.085999,0.076931,0.07726,8125917.96027111,1716
2019-05-23T00:00:00.0000000Z,0.077254,0.080885,0.074,0.080885,5532800.96638314,1295
2019-05-24T00:00:00.0000000Z,0.08086,0.084232,0.078403,0.08099,9797763.06628496,1358
2019-05-25T00:00:00.0000000Z,0.08062,0.082524,0.07953,0.080427,2550461.42955654,475
2019-05-26T00:00:00.0000000Z,0.0805,0.08836,0.0785,0.086162,9054725.8389561,1695
2019-05-27T00:00:00.0000000Z,0.086816,0.09361,0.085221,0.09048,9062851.61546501,1886
2019-05-28T00:00:00.0000000Z,0.09048,0.093,0.085,0.093,10474750.70157331,1753
2019-05-29T00:00:00.0000000Z,0.092526,0.093962,0.08549,0.090921,11707801.65061614,1788
2019-05-30T00:00:00.0000000Z,0.091208,0.09865,0.079589,0.083934,26829637.96050093,4046
2019-05-31T00:00:00.0000000Z,0.083862,0.089917,0.08123,0.089212,11943665.33699132,1768
2019-06-01T00:00:00.0000000Z,0.089,0.092351,0.085451,0.090178,6779329.76325132,1331
2019-06-02T00:00:00.0000000Z,0.090872,0.097698,0.090872,0.0965,13779197.06211477,1682
2019-06-03T00:00:00.0000000Z,0.096794,0.097999,0.087101,0.087513,13623241.23892881,2496
2019-06-04T00:00:00.0000000Z,0.087589,0.087829,0.078911,0.082288,24881845.50226105,3323
2019-06-05T00:00:00.0000000Z,0.0824,0.084368,0.079502,0.082756,8205889.69913977,1091
2019-06-06T00:00:00.0000000Z,0.082668,0.084,0.078167,0.083005,4011376.19458704,796
2019-06-07T00:00:00.0000000Z,0.08342,0.087255,0.082195,0.085436,6887564.48526832,995
2019-06-08T00:00:00.0000000Z,0.085954,0.086127,0.081717,0.083839,2167874.36907444,500
2019-06-09T00:00:00.0000000Z,0.084119,0.084119,0.077281,0.079137,9164679.1672387,1019
2019-06-10T00:00:00.0000000Z,0.07874,0.085649,0.077944,0.085481,5799148.56984387,1042
2019-06-11T00:00:00.0000000Z,0.0859,0.08949,0.08241,0.088085,7006717.80060273,1275
2019-06-12T00:00:00.0000000Z,0.08766,0.096727,0.086014,0.096481,15498022.57868773,2043
2019-06-13T00:00:00.0000000Z,0.096007,0.097,0.08821,0.0893,9958985.51963307,1482
2019-06-14T00:00:00.0000000Z,0.089861,0.090816,0.085468,0.090591,13153875.89720904,1568
2019-06-15T00:00:00.0000000Z,0.090824,0.09288,0.090232,0.091441,6087474.52383249,884
2019-06-16T00:00:00.0000000Z,0.091452,0.094416,0.090263,0.092117,12059573.61249475,1694
2019-06-17T00:00:00.0000000Z,0.092295,0.0939,0.091591,0.093448,7871572.64023512,1126
2019-06-18T00:00:00.0000000Z,0.093506,0.093609,0.08795,0.0887,67870280.41547708,6591
2019-06-19T00:00:00.0000000Z,0.088941,0.091456,0.088506,0.08974,3109385.85555812,565
2019-06-20T00:00:00.0000000Z,0.089755,0.0903,0.085352,0.087526,8270988.34175897,1320
2019-06-21T00:00:00.0000000Z,0.087724,0.091,0.087511,0.089762,7007328.42383959,1294
2019-06-22T00:00:00.0000000Z,0.089622,0.09737,0.08919,0.093867,21313075.70381162,3118
2019-06-23T00:00:00.0000000Z,0.093934,0.10243,0.09,0.096167,17610428.55104575,3139
2019-06-24T00:00:00.0000000Z,0.0959,0.098752,0.093443,0.0978,7107310.54148258,1139
2019-06-25T00:00:00.0000000Z,0.097551,0.098276,0.093336,0.09596,9705137.00685699,1328
2019-06-26T00:00:00.0000000Z,0.095992,0.10649,0.088,0.096416,33677793.47509475,5091
2019-06-27T00:00:00.0000000Z,0.096747,0.098274,0.08237,0.084912,35337890.0995962,5075
2019-06-28T00:00:00.0000000Z,0.084908,0.089436,0.083322,0.08855,18700574.6031086,2365
2019-06-29T00:00:00.0000000Z,0.088336,0.090344,0.0835,0.08953,11728897.90459256,1478
2019-06-30T00:00:00.0000000Z,0.089795,0.090401,0.080999,0.082022,11259327.48742492,1505
2019-07-01T00:00:00.0000000Z,0.081446,0.0854,0.0795,0.08311,8376082.69690951,1198
2019-07-02T00:00:00.0000000Z,0.0838,0.0838,0.076223,0.080532,15432800.03551635,1688
2019-07-03T00:00:00.0000000Z,0.081134,0.0835,0.079695,0.082733,9258716.14047909,1587
2019-07-04T00:00:00.0000000Z,0.082585,0.082802,0.07726,0.077477,7669434.6537677,1316
2019-07-05T00:00:00.0000000Z,0.077176,0.07795,0.075542,0.0765,5131186.28574795,763
2019-07-06T00:00:00.0000000Z,0.076615,0.080834,0.076584,0.07726,3321603.84888286,717
2019-07-07T00:00:00.0000000Z,0.077234,0.080589,0.076736,0.080156,5053801.64355969,714
2019-07-08T00:00:00.0000000Z,0.080182,0.082424,0.079211,0.080242,9299310.18798657,1200
2019-07-09T00:00:00.0000000Z,0.0805,0.0809,0.07708,0.078143,10727451.4634424,1219
2019-07-10T00:00:00.0000000Z,0.077917,0.0784,0.069313,0.071533,16128605.37371899,2138
2019-07-11T00:00:00.0000000Z,0.0714,0.071618,0.0626,0.064872,18106498.34552447,2527
2019-07-12T00:00:00.0000000Z,0.065011,0.0707,0.063377,0.069532,6147691.63195861,1280
2019-07-13T00:00:00.0000000Z,0.069746,0.071199,0.063421,0.06664,5560975.77389904,1231
2019-07-14T00:00:00.0000000Z,0.066994,0.067228,0.059958,0.062183,6896449.14169725,1178
2019-07-15T00:00:00.0000000Z,0.061563,0.061564,0.055516,0.059247,10409816.50529547,1698
2019-07-16T00:00:00.0000000Z,0.059543,0.060743,0.05,0.051754,10747257.96833919,1930
2019-07-17T00:00:00.0000000Z,0.052888,0.05788,0.04988,0.055107,12871232.91072239,1787
2019-07-18T00:00:00.0000000Z,0.055123,0.059859,0.0533,0.058694,6627826.28682591,1416
2019-07-19T00:00:00.0000000Z,0.058538,0.060742,0.05584,0.059908,4287375.01067282,1012
2019-07-20T00:00:00.0000000Z,0.0603,0.065218,0.059517,0.062769,7063160.12707254,1641
2019-07-21T00:00:00.0000000Z,0.062747,0.063999,0.059381,0.061185,4257281.26366839,959
2019-07-22T00:00:00.0000000Z,0.061424,0.062201,0.058052,0.05938,4533157.56719998,844
2019-07-23T00:00:00.0000000Z,0.059296,0.059316,0.055061,0.055618,5941652.13582624,1005
2019-07-24T00:00:00.0000000Z,0.055371,0.058963,0.053744,0.05873,5162083.15299706,1202
2019-07-25T00:00:00.0000000Z,0.058965,0.060655,0.058233,0.058702,3651581.9599118,975
2019-07-26T00:00:00.0000000Z,0.058471,0.0629,0.056763,0.0629,6248435.94662945,1036
2019-07-28T00:00:00.0000000Z,0.059843,0.059843,0.056565,0.05935,5524521.65592198,1225
2019-07-29T00:00:00.0000000Z,0.059332,0.062279,0.05776,0.060293,6816574.43148571,1666
2019-07-30T00:00:00.0000000Z,0.060319,0.06194,0.058717,0.059986,5935666.59328885,1455
2019-07-31T00:00:00.0000000Z,0.060158,0.061065,0.059182,0.060128,12814969.11579776,1530
2019-08-01T00:00:00.0000000Z,0.060128,0.060243,0.057911,0.05872,4068830.10030185,907
2019-08-02T00:00:00.0000000Z,0.058807,0.058874,0.05601,0.057556,7721765.88301829,1366
2019-08-03T00:00:00.0000000Z,0.057398,0.05832,0.056972,0.05764,3950886.1501748,776
2019-08-04T00:00:00.0000000Z,0.057746,0.05818,0.05615,0.056348,3276246.64996068,1022
2019-08-05T00:00:00.0000000Z,0.056644,0.05818,0.0562,0.056418,5502765.32116564,1868
2019-08-06T00:00:00.0000000Z,0.0563,0.056363,0.05274,0.053462,12018898.1679133,2081
2019-08-07T00:00:00.0000000Z,0.05332,0.054072,0.05139,0.052031,6602373.39988926,1606
2019-08-08T00:00:00.0000000Z,0.052076,0.053101,0.0505,0.052091,8061805.51853957,1564
2019-08-09T00:00:00.0000000Z,0.052091,0.052143,0.047318,0.0476,10375532.26037875,1840
2019-08-10T00:00:00.0000000Z,0.047591,0.05389,0.047591,0.05183,12369410.44899236,2504
2019-08-11T00:00:00.0000000Z,0.051976,0.05595,0.0516,0.054842,5928557.30906417,1483
2019-08-12T00:00:00.0000000Z,0.054765,0.054765,0.05258,0.053,5954585.95702323,1378
2019-08-13T00:00:00.0000000Z,0.053,0.053013,0.049822,0.052577,8885849.03316424,2042
2019-08-14T00:00:00.0000000Z,0.052576,0.053449,0.046569,0.047036,14549378.44099567,3054
2019-08-15T00:00:00.0000000Z,0.047073,0.048165,0.04448,0.047422,15863508.55196879,3007
2019-08-16T00:00:00.0000000Z,0.047333,0.047506,0.044552,0.046711,11917101.87435105,2587
2019-08-17T00:00:00.0000000Z,0.046807,0.047996,0.046293,0.047345,6639971.26792277,1578
2019-08-18T00:00:00.0000000Z,0.047467,0.051155,0.046931,0.050574,5872123.70326327,2011
2019-08-19T00:00:00.0000000Z,0.050558,0.050757,0.049552,0.050144,4082409.32408718,1421
2019-08-20T00:00:00.0000000Z,0.05011,0.050253,0.04868,0.04919,4522642.07668924,1791
2019-08-21T00:00:00.0000000Z,0.04917,0.060483,0.04592,0.047186,8696078.09733953,2402
2019-08-22T00:00:00.0000000Z,0.047262,0.051436,0.046537,0.049299,8121275.47759864,1853
2019-08-23T00:00:00.0000000Z,0.049299,0.050229,0.049,0.0499,5962372.53838296,1072
2019-08-24T00:00:00.0000000Z,0.049829,0.051426,0.048158,0.050102,9187659.48276091,1541
2019-08-25T00:00:00.0000000Z,0.050226,0.052676,0.048507,0.04942,7869298.84315339,1806
2019-08-26T00:00:00.0000000Z,0.049504,0.051018,0.04876,0.049663,7069356.79053464,1111
2019-08-27T00:00:00.0000000Z,0.049508,0.049816,0.048002,0.049798,4687406.83639779,1113
2019-08-28T00:00:00.0000000Z,0.049804,0.05016,0.04504,0.04588,15593968.22194395,2647
2019-08-29T00:00:00.0000000Z,0.04588,0.04588,0.043279,0.04468,25006100.10969083,3467
2019-08-30T00:00:00.0000000Z,0.044617,0.045785,0.044021,0.044719,4223372.48639538,1147
2019-08-31T00:00:00.0000000Z,0.044708,0.045442,0.043744,0.044879,7156816.82712239,1177
2019-09-01T00:00:00.0000000Z,0.0448,0.0454,0.043491,0.04455,8126386.95461379,1272
2019-09-02T00:00:00.0000000Z,0.044457,0.046248,0.043426,0.045469,6881142.14144308,1444
2019-09-03T00:00:00.0000000Z,0.04546,0.047578,0.044709,0.046908,10500868.19117146,2201
2019-09-04T00:00:00.0000000Z,0.046479,0.046576,0.04518,0.045371,6321582.88203825,1214
2019-09-05T00:00:00.0000000Z,0.045457,0.045459,0.043979,0.044323,5793130.71168233,1138
2019-09-06T00:00:00.0000000Z,0.044614,0.044735,0.04351,0.044406,8753314.77210114,1044
2019-09-07T00:00:00.0000000Z,0.044336,0.04656,0.043732,0.04606,5335770.74588312,916
2019-09-08T00:00:00.0000000Z,0.046101,0.04772,0.046027,0.046643,6636255.5873374,902
2019-09-09T00:00:00.0000000Z,0.046615,0.047182,0.045384,0.04688,5481653.52609086,870
2019-09-10T00:00:00.0000000Z,0.046868,0.04812,0.04566,0.046531,8486955.87309921,991
2019-09-11T00:00:00.0000000Z,0.046615,0.04693,0.044496,0.04472,8631153.60238944,1514
2019-09-12T00:00:00.0000000Z,0.04508,0.046315,0.044407,0.045471,7147546.50714239,1265
2019-09-13T00:00:00.0000000Z,0.045462,0.045991,0.044907,0.045981,7892587.3541235,1098
2019-09-14T00:00:00.0000000Z,0.045939,0.047136,0.044922,0.046566,7533922.23101025,1221
2019-09-15T00:00:00.0000000Z,0.046628,0.047299,0.046184,0.046578,946159.85960075,558
2019-09-16T00:00:00.0000000Z,0.0467,0.047625,0.045749,0.047156,14876685.3173509,1571
2019-09-17T00:00:00.0000000Z,0.047087,0.050898,0.04706,0.048939,25873499.84611354,2876
2019-09-18T00:00:00.0000000Z,0.048868,0.055537,0.048868,0.052953,38291942.7811074,4665
2019-09-19T00:00:00.0000000Z,0.053072,0.054666,0.049583,0.052335,36393110.17594058,4602
2019-09-20T00:00:00.0000000Z,0.052446,0.052506,0.05032,0.052506,7182021.77754104,799
2019-09-21T00:00:00.0000000Z,0.052506,0.053357,0.051,0.051818,4352772.93784928,554
2019-09-22T00:00:00.0000000Z,0.051818,0.051818,0.0477,0.048976,6825727.43985201,1026
2019-09-23T00:00:00.0000000Z,0.048812,0.049292,0.04596,0.046158,6351792.6197451,1152
2019-09-24T00:00:00.0000000Z,0.04619,0.04654,0.03599,0.037537,17861785.73937782,3300
2019-09-25T00:00:00.0000000Z,0.037586,0.040584,0.03586,0.038967,8628576.95562066,1236
2019-09-26T00:00:00.0000000Z,0.039172,0.040058,0.035,0.037857,10835943.88892452,1481
2019-09-27T00:00:00.0000000Z,0.038354,0.03978,0.0369,0.03931,3407630.40802749,583
2019-09-28T00:00:00.0000000Z,0.039418,0.03961,0.038016,0.0387,3233061.44933682,567
2019-09-29T00:00:00.0000000Z,0.038723,0.038753,0.036194,0.037458,2810617.98459811,507
2019-09-30T00:00:00.0000000Z,0.037204,0.039429,0.036,0.038933,4124722.23645566,747
2019-09-30T00:00:00.0000000Z,0.037204,0.039429,0.036,0.038933,4124722.23645566,747
2019-10-01T00:00:00.0000000Z,0.038754,0.039907,0.0383,0.038302,2026882.34719136,448
2019-10-02T00:00:00.0000000Z,0.03851,0.039551,0.037695,0.039471,1478904.81826345,463
2019-10-03T00:00:00.0000000Z,0.03954,0.039622,0.037654,0.038273,3061946.31143244,941
2019-10-04T00:00:00.0000000Z,0.038114,0.040268,0.037521,0.039527,2572628.1735664,479
2019-10-05T00:00:00.0000000Z,0.039337,0.03974,0.038863,0.039546,1603692.23562207,338
2019-10-06T00:00:00.0000000Z,0.039721,0.0401,0.037964,0.038879,2212623.3214286,448
2019-10-07T00:00:00.0000000Z,0.03866,0.04199,0.038256,0.041681,6626525.33209335,1026
2019-10-08T00:00:00.0000000Z,0.041628,0.042225,0.040381,0.04135,3350336.54585956,467
2019-10-09T00:00:00.0000000Z,0.041234,0.043563,0.04076,0.042741,3470401.07641389,706
2019-10-10T00:00:00.0000000Z,0.042479,0.042479,0.040758,0.041654,3105016.54409173,501
2019-10-11T00:00:00.0000000Z,0.041779,0.0425,0.040094,0.040094,2099600.03035603,503
2019-10-12T00:00:00.0000000Z,0.040071,0.040884,0.040071,0.040477,1647142.89681202,401
2019-10-13T00:00:00.0000000Z,0.040477,0.041716,0.040392,0.041126,1390943.03867042,342
2019-10-14T00:00:00.0000000Z,0.040966,0.041948,0.040966,0.041522,2586902.42023159,451
2019-10-15T00:00:00.0000000Z,0.041911,0.041911,0.039091,0.039661,4011112.05584836,778
2019-10-16T00:00:00.0000000Z,0.039623,0.039738,0.037667,0.038593,2941598.26343885,544
2019-10-17T00:00:00.0000000Z,0.03837,0.039477,0.037925,0.039226,2989024.97420749,466
2019-10-18T00:00:00.0000000Z,0.039167,0.039477,0.037405,0.038049,3379506.41749576,531
2019-10-19T00:00:00.0000000Z,0.037804,0.039527,0.037699,0.039027,5513633.45971097,402
2019-10-20T00:00:00.0000000Z,0.038851,0.039594,0.038243,0.039594,1619056.61475334,270
2019-10-21T00:00:00.0000000Z,0.0395,0.039561,0.038523,0.039275,701299.29466099,211
2019-10-22T00:00:00.0000000Z,0.039262,0.03995,0.038633,0.03876,2497777.65229679,363
2019-10-23T00:00:00.0000000Z,0.038609,0.038908,0.03527,0.036382,6501254.55205969,823
2019-10-24T00:00:00.0000000Z,0.036389,0.037953,0.03597,0.037423,3973781.68533157,506
2019-10-25T00:00:00.0000000Z,0.0375,0.041937,0.037336,0.041165,6501173.72677924,1120
2019-10-26T00:00:00.0000000Z,0.041165,0.0435,0.039261,0.040832,8062624.25349068,1628
2019-10-27T00:00:00.0000000Z,0.040616,0.043364,0.039737,0.042219,4378867.8510076,719
2019-10-28T00:00:00.0000000Z,0.042799,0.0448,0.042,0.042309,4361084.99345311,816
2019-10-29T00:00:00.0000000Z,0.042616,0.043799,0.04226,0.043248,1338532.55631343,391
2019-10-30T00:00:00.0000000Z,0.043569,0.044524,0.04112,0.041704,2989947.71255224,553
2019-10-31T00:00:00.0000000Z,0.041735,0.042309,0.040247,0.04138,2718880.91446364,573
2019-11-01T00:00:00.0000000Z,0.041096,0.042544,0.041096,0.042219,2848066.29429167,366
2019-11-02T00:00:00.0000000Z,0.042219,0.042661,0.041912,0.042507,1731806.63096739,183
2019-11-03T00:00:00.0000000Z,0.042615,0.042635,0.04141,0.041844,442470.63130494,137
2019-11-04T00:00:00.0000000Z,0.041504,0.043929,0.041469,0.04317,736160.47914628,212
2019-11-05T00:00:00.0000000Z,0.043397,0.044925,0.043227,0.04436,2678077.7926038,451
2019-11-06T00:00:00.0000000Z,0.044227,0.046026,0.043681,0.04493,2004870.11403934,422
2019-11-07T00:00:00.0000000Z,0.044657,0.044657,0.042518,0.043381,1724235.19091728,379
2019-11-08T00:00:00.0000000Z,0.043361,0.043716,0.0411,0.042086,4919833.98240197,615
2019-11-09T00:00:00.0000000Z,0.042486,0.04287,0.042089,0.04227,760925.52947158,148
2019-11-10T00:00:00.0000000Z,0.04243,0.044546,0.042395,0.043933,14750045.91337203,1209
2019-11-11T00:00:00.0000000Z,0.043982,0.043982,0.042345,0.0431,932879.89979846,225
2019-11-12T00:00:00.0000000Z,0.043125,0.04448,0.042901,0.043571,2249560.04382091,330
2019-11-13T00:00:00.0000000Z,0.043674,0.043718,0.04,0.04304,4973746.06755068,462
2019-11-14T00:00:00.0000000Z,0.043223,0.043235,0.041873,0.042866,1966651.25833297,281
2019-11-15T00:00:00.0000000Z,0.042555,0.044423,0.041937,0.043971,5558025.22605143,715
2019-11-16T00:00:00.0000000Z,0.044248,0.044438,0.043257,0.043946,3377133.74854451,416
2019-11-17T00:00:00.0000000Z,0.043912,0.045752,0.0431,0.045007,3102214.48236319,485
2019-11-18T00:00:00.0000000Z,0.044959,0.046124,0.042523,0.043178,4247632.5862922,780
2019-11-19T00:00:00.0000000Z,0.043108,0.04329,0.041037,0.0422,2572315.16834181,587
2019-11-20T00:00:00.0000000Z,0.042111,0.042296,0.040365,0.040901,2290030.45317097,563
2019-11-21T00:00:00.0000000Z,0.040706,0.041093,0.037143,0.038273,4247503.67878772,749
2019-11-22T00:00:00.0000000Z,0.038205,0.038615,0.034251,0.036936,11390861.88428921,1526
2019-11-23T00:00:00.0000000Z,0.037059,0.038379,0.036529,0.03781,1265759.23187082,399
2019-11-24T00:00:00.0000000Z,0.038156,0.038738,0.03498,0.035114,1752454.84706909,517
2019-11-25T00:00:00.0000000Z,0.034789,0.037163,0.03302,0.0359,7366702.31685524,918
2019-11-26T00:00:00.0000000Z,0.035948,0.036947,0.035498,0.036679,2122396.36923225,308
2019-11-27T00:00:00.0000000Z,0.036783,0.039975,0.035218,0.039045,10703635.31234444,1181
2019-11-28T00:00:00.0000000Z,0.039064,0.039816,0.038401,0.039195,2850515.31972924,479
2019-11-29T00:00:00.0000000Z,0.039193,0.041947,0.039193,0.041256,7227673.97890341,928
2019-11-30T00:00:00.0000000Z,0.041211,0.042059,0.03975,0.040458,3943516.06927635,602
2019-12-01T00:00:00.0000000Z,0.040289,0.040289,0.038313,0.039632,1389738.71605676,434
2019-12-02T00:00:00.0000000Z,0.039566,0.039566,0.037495,0.03801,2045078.62474742,436
2019-12-03T00:00:00.0000000Z,0.037933,0.038653,0.037471,0.037807,3504531.42207908,400
2019-12-04T00:00:00.0000000Z,0.037745,0.038746,0.036288,0.037239,4872877.17712412,671
2019-12-05T00:00:00.0000000Z,0.03716,0.038088,0.036766,0.037729,1849736.02703723,283
2019-12-06T00:00:00.0000000Z,0.037589,0.038431,0.03716,0.038318,757992.8946389,261
2019-12-07T00:00:00.0000000Z,0.038431,0.039224,0.03812,0.038535,1505828.89523424,320
2019-12-08T00:00:00.0000000Z,0.03843,0.03891,0.038053,0.038677,2119246.88612675,294
2019-12-09T00:00:00.0000000Z,0.03873,0.038874,0.03701,0.037331,3770035.21010673,461
2019-12-10T00:00:00.0000000Z,0.037218,0.0374,0.036133,0.036451,1974282.23167098,364
2019-12-11T00:00:00.0000000Z,0.036423,0.037019,0.036122,0.036691,2012431.07215354,299
2019-12-12T00:00:00.0000000Z,0.036691,0.036989,0.035971,0.036528,3834587.93479124,444
2019-12-13T00:00:00.0000000Z,0.036568,0.037339,0.036458,0.037113,2735254.89677632,431
2019-12-14T00:00:00.0000000Z,0.037183,0.037362,0.03576,0.036148,3606746.83756489,473
2019-12-15T00:00:00.0000000Z,0.036118,0.036619,0.03582,0.036474,882840.25754275,182
2019-12-16T00:00:00.0000000Z,0.036323,0.036366,0.033259,0.034155,4496879.71002329,819
2019-12-17T00:00:00.0000000Z,0.033965,0.034032,0.031291,0.03155,4335504.71281651,785
2019-12-18T00:00:00.0000000Z,0.031548,0.034701,0.030427,0.034281,5677333.70712827,820
2019-12-19T00:00:00.0000000Z,0.034424,0.0347,0.032964,0.032976,1758661.78287962,395
2019-12-20T00:00:00.0000000Z,0.033009,0.033807,0.032622,0.033798,694816.09091283,279
2019-12-21T00:00:00.0000000Z,0.033803,0.033805,0.03295,0.033124,2737554.75100692,320
2019-12-22T00:00:00.0000000Z,0.033172,0.034462,0.03313,0.034462,1123376.36663345,390
2019-12-23T00:00:00.0000000Z,0.034587,0.03464,0.032914,0.032914,3606090.34847183,779
2019-12-24T00:00:00.0000000Z,0.033075,0.03447,0.032804,0.033951,1519294.69417581,601
2019-12-25T00:00:00.0000000Z,0.03391,0.03391,0.032824,0.033337,851490.65404729,364
2019-12-26T00:00:00.0000000Z,0.033387,0.034851,0.033259,0.034075,1888479.25150564,504
2019-12-27T00:00:00.0000000Z,0.0342,0.034229,0.031666,0.032897,13478069.34936976,2118
2019-12-28T00:00:00.0000000Z,0.032898,0.034067,0.032898,0.033649,1933602.72542387,264
2019-12-29T00:00:00.0000000Z,0.033557,0.034489,0.033237,0.034274,2630707.13276529,449
2019-12-30T00:00:00.0000000Z,0.03414,0.03419,0.033142,0.033341,1931346.38973885,507
2019-12-31T00:00:00.0000000Z,0.033311,0.033597,0.03237,0.032672,8018314.85371205,793
2020-01-01T00:00:00.0000000Z,0.032652,0.033863,0.032566,0.033411,3474802.0351319,261
2020-01-02T00:00:00.0000000Z,0.033417,0.033417,0.03229,0.032693,3860294.68514422,555
2020-01-03T00:00:00.0000000Z,0.032651,0.03426,0.0324,0.033847,3708706.69761481,609
2020-01-04T00:00:00.0000000Z,0.033936,0.03437,0.033795,0.034301,752769.70098041,205
2020-01-05T00:00:00.0000000Z,0.034301,0.035454,0.034247,0.034487,3745407.10005441,373
2020-01-06T00:00:00.0000000Z,0.034395,0.0374,0.034395,0.037379,4553335.73217615,734
2020-01-07T00:00:00.0000000Z,0.037518,0.038179,0.036465,0.037139,7527353.18079309,1233
2020-01-09T00:00:00.0000000Z,0.036288,0.036327,0.035492,0.036198,3054623.1638809,495
2020-01-10T00:00:00.0000000Z,0.036237,0.037026,0.03479,0.036955,2496577.40810112,633
2020-01-11T00:00:00.0000000Z,0.036705,0.037686,0.036427,0.036778,1476597.58645479,299
2020-01-12T00:00:00.0000000Z,0.036769,0.03779,0.036611,0.03779,804529.90661109,222
2020-01-13T00:00:00.0000000Z,0.037738,0.037767,0.036677,0.036843,1665920.47443277,243
2020-01-14T00:00:00.0000000Z,0.037234,0.04271,0.037197,0.041724,10033009.24833909,1833
2020-01-15T00:00:00.0000000Z,0.041637,0.043898,0.0401,0.04286,14675279.72392512,1897
2020-01-16T00:00:00.0000000Z,0.04286,0.043297,0.040285,0.041389,3986724.87644199,702
2020-01-17T00:00:00.0000000Z,0.041383,0.046,0.041156,0.044911,13724398.93590069,1809
2020-01-18T00:00:00.0000000Z,0.04491,0.046,0.043175,0.044933,8147625.7221809,1116
2020-01-19T00:00:00.0000000Z,0.044818,0.045899,0.041325,0.042077,3398255.78088661,778
2020-01-20T00:00:00.0000000Z,0.0421,0.04429,0.041994,0.044136,2933681.83287826,561
2020-01-21T00:00:00.0000000Z,0.043663,0.0468,0.043584,0.04625,5640229.07173799,971
2020-01-22T00:00:00.0000000Z,0.046291,0.046306,0.045352,0.045461,2258417.46601641,463
2020-01-23T00:00:00.0000000Z,0.045456,0.045456,0.042097,0.04333,4408722.82843182,998
2020-01-24T00:00:00.0000000Z,0.043008,0.045135,0.041279,0.044966,2899794.92625112,760
2020-01-25T00:00:00.0000000Z,0.044882,0.045,0.03914,0.043141,1705103.95470339,584
2020-01-26T00:00:00.0000000Z,0.042876,0.044555,0.042876,0.04453,1271084.03692942,251
2020-01-27T00:00:00.0000000Z,0.044672,0.0488,0.043956,0.047713,10069941.05311885,1197
2020-01-28T00:00:00.0000000Z,0.047816,0.05445,0.047489,0.05301,18692079.59185428,3155
2020-01-29T00:00:00.0000000Z,0.053209,0.0575,0.052695,0.053121,12475805.48468221,1978
2020-01-30T00:00:00.0000000Z,0.05312,0.05715,0.0521,0.0561,7876397.3483132,1618
2020-01-31T00:00:00.0000000Z,0.056098,0.056507,0.0521,0.053794,4962735.70547933,1067
2020-02-01T00:00:00.0000000Z,0.053762,0.057152,0.0532,0.056096,2957880.37755876,888
2020-02-02T00:00:00.0000000Z,0.055903,0.058469,0.054807,0.055797,5208802.06742391,1267
2020-02-03T00:00:00.0000000Z,0.05565,0.05796,0.055379,0.057025,4096865.47892814,883
2020-02-04T00:00:00.0000000Z,0.057362,0.057688,0.054036,0.055781,5399244.02179888,1085
2020-02-05T00:00:00.0000000Z,0.055868,0.060107,0.055524,0.059166,6891419.94899337,1153
2020-02-06T00:00:00.0000000Z,0.059286,0.06074,0.05825,0.059942,5988095.48800277,1229
2020-02-07T00:00:00.0000000Z,0.06003,0.062476,0.059402,0.059857,4572700.68542473,944
2020-02-08T00:00:00.0000000Z,0.059803,0.061333,0.0572,0.060046,6364093.48549021,961
2020-02-09T00:00:00.0000000Z,0.060213,0.062439,0.060012,0.062004,7125853.68722106,991
2020-02-10T00:00:00.0000000Z,0.061952,0.062035,0.058414,0.060408,5336459.87480839,1120
2020-02-11T00:00:00.0000000Z,0.060293,0.06393,0.0587,0.063813,9103782.07085985,1368
2020-02-12T00:00:00.0000000Z,0.06393,0.07041,0.06393,0.068361,12473938.36815483,2193
2020-02-13T00:00:00.0000000Z,0.06834,0.072271,0.065,0.06892,14503704.80968631,2686
2020-02-14T00:00:00.0000000Z,0.068493,0.071445,0.06706,0.070851,6857588.11778155,1301
2020-02-15T00:00:00.0000000Z,0.0712,0.071398,0.062468,0.063761,14012717.15048742,2638
2020-02-16T00:00:00.0000000Z,0.06399,0.067052,0.05653,0.061897,15554388.70511274,2450
2020-02-17T00:00:00.0000000Z,0.061656,0.062672,0.05569,0.060309,6466168.98114849,1750
2020-02-18T00:00:00.0000000Z,0.060287,0.063893,0.057984,0.062902,8206498.92238003,1639
2020-02-19T00:00:00.0000000Z,0.062902,0.0635,0.057,0.0575,9964667.60904009,2155
2020-02-20T00:00:00.0000000Z,0.0575,0.058891,0.05519,0.058215,10606996.94893753,1681
2020-02-21T00:00:00.0000000Z,0.058187,0.060022,0.057698,0.058809,2649663.30008754,851
2020-02-22T00:00:00.0000000Z,0.058683,0.059041,0.05719,0.058516,986665.65027517,602
2020-02-23T00:00:00.0000000Z,0.058442,0.062165,0.058241,0.061802,4944588.93003129,886
2020-02-24T00:00:00.0000000Z,0.061439,0.061913,0.057263,0.058642,5066688.71406571,809
2020-02-25T00:00:00.0000000Z,0.059028,0.059028,0.05575,0.056381,3964235.09309603,938
2020-02-26T00:00:00.0000000Z,0.056039,0.05645,0.046551,0.049195,26058982.64702664,2521
2020-02-27T00:00:00.0000000Z,0.049056,0.052184,0.046305,0.049404,10870932.23183531,1265
2020-02-28T00:00:00.0000000Z,0.050514,0.051062,0.045794,0.048864,6652950.48909201,965
2020-02-29T00:00:00.0000000Z,0.049403,0.049788,0.047232,0.047284,1258898.30430323,311
2020-03-01T00:00:00.0000000Z,0.047138,0.048332,0.0451,0.045723,7536510.32839299,703
2020-03-02T00:00:00.0000000Z,0.045471,0.049806,0.045471,0.049083,6591912.77695256,675
2020-03-03T00:00:00.0000000Z,0.049138,0.04948,0.047502,0.04868,2852700.42462359,443
2020-03-04T00:00:00.0000000Z,0.04868,0.050355,0.048103,0.04879,3234735.00622749,736
2020-03-05T00:00:00.0000000Z,0.049522,0.052313,0.04945,0.051059,6335626.59242432,775
2020-03-06T00:00:00.0000000Z,0.05096,0.051699,0.050015,0.05154,2483795.05157929,367
2020-03-07T00:00:00.0000000Z,0.051891,0.051891,0.0483,0.048979,2950780.67858439,411
2020-03-08T00:00:00.0000000Z,0.048568,0.048568,0.042546,0.042818,8072333.68015185,1237
2020-03-09T00:00:00.0000000Z,0.04375,0.044012,0.039,0.041489,19913781.37787159,2005
2020-03-10T00:00:00.0000000Z,0.041694,0.0431,0.040281,0.041307,4380490.79811488,600
2020-03-11T00:00:00.0000000Z,0.041416,0.041767,0.037424,0.039746,9896188.82313604,814
2020-03-12T00:00:00.0000000Z,0.039823,0.039823,0.022948,0.023319,42612431.85707737,5803
2020-03-13T00:00:00.0000000Z,0.023558,0.029763,0.01854,0.028419,59110444.46881824,5911
2020-03-14T00:00:00.0000000Z,0.028554,0.029079,0.025377,0.025698,8495998.28069793,920
2020-03-15T00:00:00.0000000Z,0.025649,0.028984,0.02289,0.027022,22424144.39830543,1586
2020-03-16T00:00:00.0000000Z,0.026576,0.026868,0.021546,0.024215,17839315.54530012,1823
2020-03-17T00:00:00.0000000Z,0.024389,0.026678,0.02425,0.026006,10983537.61433624,1037
2020-03-18T00:00:00.0000000Z,0.025852,0.026533,0.024427,0.026146,7856186.87115793,662
2020-03-19T00:00:00.0000000Z,0.0262,0.032025,0.02584,0.03043,21665655.34100261,1848
2020-03-20T00:00:00.0000000Z,0.030484,0.034183,0.026729,0.029412,18191281.2032005,1669
2020-03-21T00:00:00.0000000Z,0.029206,0.03065,0.027877,0.029427,5304636.83358403,518
2020-03-22T00:00:00.0000000Z,0.029401,0.030528,0.02685,0.027165,9212827.65325592,697
2020-03-23T00:00:00.0000000Z,0.027,0.03,0.026666,0.029141,12211414.67986986,810
2020-03-24T00:00:00.0000000Z,0.029432,0.03049,0.029,0.030254,12003949.22451232,883
2020-03-25T00:00:00.0000000Z,0.030254,0.03053,0.028847,0.029495,10689617.92230169,801
2020-03-26T00:00:00.0000000Z,0.029635,0.031,0.02934,0.030917,4234662.49288514,615
2020-03-27T00:00:00.0000000Z,0.030997,0.03151,0.0285,0.028937,6616497.19250418,712
2020-03-28T00:00:00.0000000Z,0.028633,0.029963,0.02785,0.029928,8390255.4898404,713
2020-03-29T00:00:00.0000000Z,0.030046,0.030046,0.0281,0.028166,4536520.64686641,527
2020-03-30T00:00:00.0000000Z,0.028047,0.030463,0.028044,0.029702,10290660.43121989,915
2020-03-31T00:00:00.0000000Z,0.029653,0.030673,0.029542,0.030575,3293827.56758887,398
2020-04-01T00:00:00.0000000Z,0.0305,0.031,0.029548,0.031,9898302.26997242,751
2020-04-02T00:00:00.0000000Z,0.031091,0.033541,0.030843,0.031946,8018194.46570757,763
2020-04-03T00:00:00.0000000Z,0.03183,0.032834,0.031672,0.032262,5956627.22742967,601
2020-04-04T00:00:00.0000000Z,0.032261,0.032739,0.031806,0.032592,1484433.65392291,380
2020-04-05T00:00:00.0000000Z,0.032405,0.032634,0.031636,0.032005,5411317.18701928,421
2020-04-06T00:00:00.0000000Z,0.032188,0.036132,0.03215,0.036084,10513590.55784551,1031
2020-04-07T00:00:00.0000000Z,0.035936,0.037336,0.03456,0.035191,16460643.48535477,1235
2020-04-08T00:00:00.0000000Z,0.035445,0.036805,0.035383,0.036509,4305164.57736271,638
2020-04-09T00:00:00.0000000Z,0.036453,0.036643,0.035357,0.03617,3659599.4437287,507
2020-04-10T00:00:00.0000000Z,0.036125,0.036199,0.032111,0.033161,7592355.49515278,848
2020-04-11T00:00:00.0000000Z,0.033315,0.03411,0.032799,0.033529,3325785.72582608,299
2020-04-12T00:00:00.0000000Z,0.033777,0.035,0.03303,0.0335,5822777.82209641,570
2020-04-13T00:00:00.0000000Z,0.0335,0.033557,0.032001,0.033205,3964705.28113901,423
2020-04-14T00:00:00.0000000Z,0.033363,0.0338,0.03266,0.033021,2533167.46707261,470
2020-04-15T00:00:00.0000000Z,0.032941,0.0337,0.03176,0.0318,1366326.30818013,305
2020-04-16T00:00:00.0000000Z,0.031827,0.035,0.030593,0.034398,9928340.89496222,931
2020-04-17T00:00:00.0000000Z,0.034482,0.034863,0.03418,0.0345,1607862.43487156,324
2020-04-19T00:00:00.0000000Z,0.036435,0.036733,0.03526,0.0356,2158486.91913138,435
2020-04-20T00:00:00.0000000Z,0.0355,0.036566,0.033921,0.03399,6946272.9305253,781
2020-04-21T00:00:00.0000000Z,0.034072,0.03504,0.03379,0.034635,5221347.88729514,498
2020-04-22T00:00:00.0000000Z,0.034556,0.036689,0.034482,0.036665,3661638.79151057,392
2020-04-23T00:00:00.0000000Z,0.036639,0.042599,0.036516,0.04081,12432196.95407368,1310
2020-04-24T00:00:00.0000000Z,0.04095,0.043847,0.04095,0.041764,10954235.18735672,1231
2020-04-25T00:00:00.0000000Z,0.04161,0.043534,0.0411,0.04217,6571912.17227079,740
2020-04-26T00:00:00.0000000Z,0.042289,0.046196,0.041978,0.0459,9391333.34330964,1123
2020-04-27T00:00:00.0000000Z,0.0459,0.0475,0.044235,0.046617,8086331.88810069,1024
2020-04-28T00:00:00.0000000Z,0.046617,0.048097,0.046213,0.046957,6938800.1567229,787
2020-04-29T00:00:00.0000000Z,0.047,0.052399,0.046862,0.05155,15765347.82165723,1826
2020-04-30T00:00:00.0000000Z,0.051575,0.054487,0.047089,0.047481,28250667.39231328,2740
2020-05-01T00:00:00.0000000Z,0.047609,0.051919,0.047589,0.050994,11192610.37909682,1362
2020-05-02T00:00:00.0000000Z,0.050903,0.0515,0.04945,0.05097,5709880.30294714,827
2020-05-03T00:00:00.0000000Z,0.051176,0.05178,0.048,0.048973,8566812.01888516,1174
2020-05-04T00:00:00.0000000Z,0.049022,0.050243,0.046289,0.049587,20822938.35477923,2275
2020-05-05T00:00:00.0000000Z,0.049638,0.050629,0.048578,0.049542,5442761.60487134,641
2020-05-06T00:00:00.0000000Z,0.049344,0.05116,0.04857,0.04907,7843202.33463847,798
2020-05-07T00:00:00.0000000Z,0.048829,0.051665,0.048568,0.051281,8066628.10481589,1053
2020-05-08T00:00:00.0000000Z,0.05134,0.053685,0.050964,0.052144,9395356.81508532,1248
2020-05-09T00:00:00.0000000Z,0.05208,0.053,0.051347,0.051513,6211202.485443,955
2020-05-10T00:00:00.0000000Z,0.051524,0.051524,0.042731,0.047705,31352482.52447065,2741
2020-05-11T00:00:00.0000000Z,0.04761,0.049907,0.045,0.047944,15619903.92496834,1335
2020-05-12T00:00:00.0000000Z,0.048113,0.051071,0.048113,0.050492,12386498.36820701,1416
2020-05-13T00:00:00.0000000Z,0.050766,0.052388,0.049931,0.051678,18175549.88926418,1935
2020-05-14T00:00:00.0000000Z,0.051882,0.05215,0.050332,0.051111,6149128.49549213,853
2020-05-15T00:00:00.0000000Z,0.051014,0.051951,0.049693,0.05028,5834445.78635009,816
2020-05-16T00:00:00.0000000Z,0.050206,0.051427,0.049952,0.051055,1958856.53440247,346
2020-05-17T00:00:00.0000000Z,0.051029,0.0522,0.051011,0.051267,3932709.91452117,560
2020-05-18T00:00:00.0000000Z,0.051352,0.05498,0.051352,0.054204,6774168.83254599,1009
2020-05-19T00:00:00.0000000Z,0.054433,0.057229,0.0526,0.056897,7414832.99472972,945
2020-05-20T00:00:00.0000000Z,0.056766,0.057506,0.05359,0.056877,9739753.7609357,1268
2020-05-21T00:00:00.0000000Z,0.056818,0.0575,0.049512,0.052086,17016334.3044031,1747
2020-05-22T00:00:00.0000000Z,0.051584,0.056824,0.051293,0.055704,11834868.22320352,1761
2020-05-23T00:00:00.0000000Z,0.055908,0.05648,0.054266,0.054901,3164206.11715145,668
2020-05-24T00:00:00.0000000Z,0.054955,0.056032,0.051474,0.051478,8755784.50122599,1146
2020-05-25T00:00:00.0000000Z,0.051289,0.054331,0.05097,0.05384,6522641.98912653,762
2020-05-26T00:00:00.0000000Z,0.053882,0.054105,0.052,0.053603,7189798.71755654,625
2020-05-27T00:00:00.0000000Z,0.053593,0.055976,0.053084,0.055055,10188090.17711444,1024
2020-05-28T00:00:00.0000000Z,0.055139,0.068,0.054971,0.064835,33995846.01756035,3281
2020-05-29T00:00:00.0000000Z,0.064958,0.066998,0.062548,0.064433,24038731.44536052,2135
2020-05-30T00:00:00.0000000Z,0.064639,0.078879,0.063867,0.077038,56681549.78266171,5534
2020-05-31T00:00:00.0000000Z,0.07694,0.087308,0.0722,0.074002,75660074.51657695,7203
2020-06-01T00:00:00.0000000Z,0.073825,0.083997,0.073642,0.081078,32381348.67244895,3749
2020-06-02T00:00:00.0000000Z,0.080953,0.082409,0.0725,0.078558,36788867.15233295,3763
2020-06-03T00:00:00.0000000Z,0.078803,0.085645,0.077131,0.085333,36628400.93157127,3980
2020-06-04T00:00:00.0000000Z,0.085523,0.09039,0.084002,0.0889,28925166.63518584,3801
2020-06-05T00:00:00.0000000Z,0.08881,0.0895,0.0839,0.085221,22310396.36228162,2753
2020-06-06T00:00:00.0000000Z,0.085222,0.087202,0.084773,0.086166,14415157.5386364,1642
2020-06-07T00:00:00.0000000Z,0.086165,0.088576,0.082201,0.086606,21341694.31328174,2484
2020-06-08T00:00:00.0000000Z,0.086579,0.08743,0.084732,0.086475,8680811.00294185,1589
2020-06-09T00:00:00.0000000Z,0.086579,0.0869,0.08306,0.08306,9095267.21861378,1456
2020-06-10T00:00:00.0000000Z,0.083028,0.083867,0.079426,0.083609,19082241.73594758,2563
2020-06-11T00:00:00.0000000Z,0.083572,0.085,0.073485,0.075099,44247715.1022204,4641
2020-06-12T00:00:00.0000000Z,0.075272,0.080502,0.074811,0.079141,17225943.55463859,2300
2020-06-13T00:00:00.0000000Z,0.079466,0.079573,0.07722,0.079,3677056.62342713,888
2020-06-14T00:00:00.0000000Z,0.079001,0.079185,0.07563,0.076279,4381617.79076529,1265
2020-06-15T00:00:00.0000000Z,0.076403,0.0799,0.069052,0.078207,36185962.66966623,4460
2020-06-16T00:00:00.0000000Z,0.078349,0.080428,0.076653,0.079065,9679534.36301878,1927
2020-06-17T00:00:00.0000000Z,0.0792,0.084597,0.0775,0.083155,26423841.17403671,3628
2020-06-18T00:00:00.0000000Z,0.083319,0.0842,0.080034,0.081991,13176457.23951866,1700
2020-06-19T00:00:00.0000000Z,0.081792,0.081792,0.078517,0.079831,9413051.67953672,1434
2020-06-20T00:00:00.0000000Z,0.079761,0.08023,0.0771,0.079401,9750579.17191953,1165
2020-06-21T00:00:00.0000000Z,0.079468,0.080752,0.078107,0.078343,8213512.84142306,1315
2020-06-22T00:00:00.0000000Z,0.078351,0.08385,0.078106,0.08385,12115894.35026654,1730
2020-06-23T00:00:00.0000000Z,0.083693,0.0845,0.08159,0.082599,13485213.60534597,1693
2020-06-24T00:00:00.0000000Z,0.082855,0.087,0.079861,0.082445,19760215.99057244,2323
2020-06-25T00:00:00.0000000Z,0.08246,0.083425,0.078526,0.081446,9003080.94745422,1529
2020-06-26T00:00:00.0000000Z,0.081644,0.081665,0.079204,0.08047,6428198.7305912,949
2020-06-27T00:00:00.0000000Z,0.080474,0.08077,0.07413,0.077255,8989285.92956345,1273
2020-06-28T00:00:00.0000000Z,0.077252,0.081,0.076266,0.080205,9143204.69101213,1667
2020-06-29T00:00:00.0000000Z,0.080206,0.08426,0.080206,0.083865,21106590.56868484,2270
2020-06-30T00:00:00.0000000Z,0.083999,0.085001,0.08201,0.083837,11259142.47732325,1651
2020-07-01T00:00:00.0000000Z,0.083352,0.097,0.08268,0.097,44675398.38785471,5070
2020-07-02T00:00:00.0000000Z,0.096978,0.096978,0.0875,0.093,43556761.29950683,5440
2020-07-03T00:00:00.0000000Z,0.093,0.102561,0.092308,0.0966,48917122.97873548,4772
2020-07-04T00:00:00.0000000Z,0.096519,0.100979,0.09597,0.100138,16614144.41463585,2276
2020-07-05T00:00:00.0000000Z,0.100193,0.100312,0.094414,0.098425,20122682.5933911,2429
2020-07-06T00:00:00.0000000Z,0.098294,0.10656,0.0972,0.105176,32186974.89100814,3272
2020-07-07T00:00:00.0000000Z,0.105155,0.119165,0.103147,0.117618,52472620.02204553,5676
2020-07-08T00:00:00.0000000Z,0.117824,0.138627,0.114792,0.130113,87787732.31380938,10799
2020-07-09T00:00:00.0000000Z,0.129833,0.129992,0.11745,0.124183,41843708.47965393,5557
2020-07-10T00:00:00.0000000Z,0.124146,0.124344,0.11026,0.11866,37737209.34011845,4726
2020-07-11T00:00:00.0000000Z,0.118298,0.127199,0.117997,0.12536,20942646.97296869,3540
2020-07-12T00:00:00.0000000Z,0.125232,0.128694,0.120301,0.127061,28425430.96296713,3786
2020-07-13T00:00:00.0000000Z,0.127066,0.136,0.121645,0.124305,42081010.6163274,6528
2020-07-14T00:00:00.0000000Z,0.124145,0.134677,0.120001,0.132186,37920381.58633673,5325
2020-07-15T00:00:00.0000000Z,0.132622,0.132745,0.127232,0.130503,20843797.87550717,3468
2020-07-16T00:00:00.0000000Z,0.130503,0.133044,0.118149,0.125903,41292505.63747643,5501
2020-07-17T00:00:00.0000000Z,0.126134,0.1267,0.1218,0.122566,13929660.82538855,2212
2020-07-18T00:00:00.0000000Z,0.122276,0.124755,0.117531,0.122996,16780152.17073256,2411
2020-07-19T00:00:00.0000000Z,0.122684,0.124929,0.121264,0.124047,8075969.93397423,1478
2020-07-20T00:00:00.0000000Z,0.124185,0.124499,0.115411,0.117803,11619010.00055676,2099
2020-07-21T00:00:00.0000000Z,0.117694,0.12449,0.116747,0.123316,13923776.31590145,2438
2020-07-22T00:00:00.0000000Z,0.123417,0.124843,0.120524,0.1245,7987690.03456666,1769
2020-07-23T00:00:00.0000000Z,0.1245,0.127226,0.123834,0.124177,16205509.91749544,2514
2020-07-24T00:00:00.0000000Z,0.124409,0.124505,0.1208,0.122149,11368950.51831967,2018
2020-07-25T00:00:00.0000000Z,0.122131,0.149,0.122131,0.143972,51593878.99659579,7283
2020-07-26T00:00:00.0000000Z,0.14396,0.155415,0.140001,0.148672,63965375.26806135,8718
2020-07-28T00:00:00.0000000Z,0.139,0.151999,0.134601,0.1491,32403815.01607326,5279
2020-07-29T00:00:00.0000000Z,0.149461,0.150253,0.138872,0.140019,23600224.84830625,4288
2020-07-30T00:00:00.0000000Z,0.140004,0.142982,0.137321,0.14156,15679444.41273044,2573
2020-07-31T00:00:00.0000000Z,0.141,0.1416,0.136339,0.140104,12890658.14277989,2428
2020-08-01T00:00:00.0000000Z,0.140017,0.148484,0.139169,0.145155,23961273.11929005,5315
2020-08-02T00:00:00.0000000Z,0.144795,0.148695,0.131,0.134879,30882158.94602299,6981
2020-08-03T00:00:00.0000000Z,0.134922,0.148871,0.1332,0.140988,13962618.88513558,3841
2020-08-04T00:00:00.0000000Z,0.141,0.148799,0.14,0.143588,23239249.8759404,5670
2020-08-05T00:00:00.0000000Z,0.143763,0.145464,0.141053,0.142424,12641464.53183002,2255
2020-08-06T00:00:00.0000000Z,0.142529,0.145934,0.140347,0.1447,9914997.38109061,2104
2020-08-07T00:00:00.0000000Z,0.1447,0.14726,0.135,0.139049,17848818.45229272,3239
2020-08-08T00:00:00.0000000Z,0.1388,0.147828,0.1377,0.146922,12668664.50374282,2222
2020-08-09T00:00:00.0000000Z,0.147,0.15276,0.142111,0.145336,22788098.64447658,3204
2020-08-10T00:00:00.0000000Z,0.145276,0.146513,0.142028,0.143873,8248561.76542978,1584
2020-08-11T00:00:00.0000000Z,0.1441,0.14434,0.132,0.136846,21973835.69916419,2890
2020-08-12T00:00:00.0000000Z,0.136958,0.138038,0.123484,0.13662,23087977.9792101,3215
2020-08-13T00:00:00.0000000Z,0.136645,0.142043,0.132,0.139768,54083751.53289059,5088
2020-08-14T00:00:00.0000000Z,0.139881,0.141628,0.138051,0.138517,12387338.09551572,1963
2020-08-15T00:00:00.0000000Z,0.138852,0.143,0.13679,0.138408,10203403.59784027,1706
2020-08-16T00:00:00.0000000Z,0.138494,0.13967,0.135002,0.138938,12031068.33358624,1592
2020-08-17T00:00:00.0000000Z,0.139,0.144959,0.135818,0.140726,18003432.5600152,2569
2020-08-18T00:00:00.0000000Z,0.140401,0.143953,0.13414,0.137218,19594159.24954767,2906
2020-08-19T00:00:00.0000000Z,0.137214,0.138217,0.1261,0.129678,18465359.31617999,3357
2020-08-20T00:00:00.0000000Z,0.129689,0.134671,0.126065,0.134305,16301633.12593326,2218
2020-08-21T00:00:00.0000000Z,0.134256,0.134317,0.1216,0.123109,24522975.2702549,3504
2020-08-22T00:00:00.0000000Z,0.123109,0.12615,0.118321,0.125193,10066963.56406543,1763
2020-08-23T00:00:00.0000000Z,0.125207,0.126003,0.11946,0.121538,7070825.39005509,1301
2020-08-24T00:00:00.0000000Z,0.121039,0.12724,0.1201,0.123714,8135888.33988882,1510
2020-08-25T00:00:00.0000000Z,0.123654,0.123735,0.105175,0.11252,26520118.35427872,4019
2020-08-26T00:00:00.0000000Z,0.112492,0.118328,0.110684,0.114312,11799133.454497,2054
2020-08-27T00:00:00.0000000Z,0.114703,0.115662,0.10233,0.107363,28508921.61332611,3397
2020-08-28T00:00:00.0000000Z,0.107363,0.111662,0.106082,0.109315,9543015.55000208,1689
2020-08-29T00:00:00.0000000Z,0.109526,0.118188,0.108301,0.11644,9340368.39872291,1636
2020-08-30T00:00:00.0000000Z,0.116349,0.118881,0.113815,0.117619,5473174.54681676,1385
2020-08-31T00:00:00.0000000Z,0.11777,0.126999,0.113244,0.122566,11631274.38650013,2781
2020-09-01T00:00:00.0000000Z,0.122922,0.128316,0.1193,0.124504,12384352.10181562,2543
2020-09-02T00:00:00.0000000Z,0.124707,0.126453,0.11089,0.115147,20026389.06671713,3329
2020-09-03T00:00:00.0000000Z,0.115,0.116688,0.0931,0.095056,28326122.72405536,4007
2020-09-04T00:00:00.0000000Z,0.095,0.104175,0.092464,0.101794,27419106.21753932,4316
2020-09-05T00:00:00.0000000Z,0.101908,0.104048,0.08563,0.08992,26820089.06709847,4025
2020-09-06T00:00:00.0000000Z,0.089106,0.09563,0.085687,0.09262,12218968.47417171,1779
2020-09-07T00:00:00.0000000Z,0.09262,0.094231,0.08592,0.09348,23132558.47934954,2448
2020-09-08T00:00:00.0000000Z,0.093696,0.096814,0.08847,0.091067,11590796.27671617,1991
2020-09-09T00:00:00.0000000Z,0.091083,0.095794,0.089336,0.093289,5615767.06750693,1359
2020-09-10T00:00:00.0000000Z,0.093317,0.0999,0.093317,0.097115,24027076.218296,2442
2020-09-11T00:00:00.0000000Z,0.097201,0.097494,0.093241,0.096935,5616253.94752904,1084
2020-09-12T00:00:00.0000000Z,0.096874,0.098794,0.094671,0.097709,9300156.43970176,1258
2020-09-13T00:00:00.0000000Z,0.097643,0.099826,0.092514,0.095081,5802941.73990955,1031
2020-09-14T00:00:00.0000000Z,0.09505,0.097554,0.093024,0.096678,9750048.61959016,1392
2020-09-15T00:00:00.0000000Z,0.096623,0.097633,0.093,0.093201,3964065.54231158,766
2020-09-16T00:00:00.0000000Z,0.093014,0.093014,0.09,0.091431,8237176.40416765,1291
2020-09-17T00:00:00.0000000Z,0.091432,0.094568,0.091005,0.094186,6425697.80744657,1019
2020-09-18T00:00:00.0000000Z,0.094001,0.094001,0.09,0.091098,9082124.72683174,1035
2020-09-19T00:00:00.0000000Z,0.090795,0.093134,0.090635,0.0914,5082666.16714904,557
2020-09-20T00:00:00.0000000Z,0.091,0.092219,0.08753,0.089416,13370336.39883817,1398
2020-09-21T00:00:00.0000000Z,0.089193,0.090215,0.07746,0.079894,13201681.1248877,2233
2020-09-22T00:00:00.0000000Z,0.079854,0.083206,0.078715,0.081547,11142121.52553549,992
2020-09-23T00:00:00.0000000Z,0.081546,0.082501,0.07554,0.076527,10205081.53396532,1345
2020-09-24T00:00:00.0000000Z,0.076496,0.083778,0.075808,0.082657,6309492.40419422,1080
2020-09-25T00:00:00.0000000Z,0.082757,0.0985,0.0825,0.097014,15569091.31924486,2857
2020-09-26T00:00:00.0000000Z,0.097217,0.099915,0.092362,0.095525,9503606.97254873,1758
2020-09-27T00:00:00.0000000Z,0.095764,0.102722,0.094499,0.101343,11155724.87682781,1870
2020-09-28T00:00:00.0000000Z,0.101422,0.106671,0.099669,0.100433,14286729.51127331,2301
2020-09-29T00:00:00.0000000Z,0.100306,0.103308,0.097511,0.1012,6254452.81226954,1472
2020-09-30T00:00:00.0000000Z,0.1012,0.10165,0.096681,0.10136,7491346.75839739,1307
2020-09-30T00:00:00.0000000Z,0.1012,0.10165,0.096681,0.10136,7491346.75839739,1307
2020-10-01T00:00:00.0000000Z,0.10147,0.104451,0.094652,0.098138,12710174.3484813,1877
2020-10-02T00:00:00.0000000Z,0.097985,0.100322,0.089734,0.092936,18365814.90400543,2458
2020-10-03T00:00:00.0000000Z,0.092936,0.095739,0.092277,0.093332,8935340.64731409,907
2020-10-04T00:00:00.0000000Z,0.093429,0.098113,0.092292,0.096881,5176500.67596309,916
2020-10-05T00:00:00.0000000Z,0.096883,0.099591,0.096058,0.097573,6903499.45310112,1093
2020-10-06T00:00:00.0000000Z,0.097617,0.098637,0.09136,0.092979,9704912.781978,1538
2020-10-07T00:00:00.0000000Z,0.092482,0.094391,0.089329,0.093708,4476566.378822,965
2020-10-08T00:00:00.0000000Z,0.093253,0.097,0.089782,0.09633,5575590.69687524,1052
2020-10-09T00:00:00.0000000Z,0.096381,0.102593,0.095096,0.101469,9741003.58671034,1633
2020-10-10T00:00:00.0000000Z,0.101678,0.111425,0.101678,0.104967,12528288.58965025,1963
2020-10-11T00:00:00.0000000Z,0.105074,0.109033,0.104238,0.10661,4673377.2710091,853
2020-10-12T00:00:00.0000000Z,0.106465,0.113987,0.1022,0.109512,29100563.23039606,2669
2020-10-13T00:00:00.0000000Z,0.109574,0.114066,0.107712,0.109427,11514840.66743169,1666
2020-10-14T00:00:00.0000000Z,0.109346,0.11237,0.105305,0.10719,7199699.99055187,1071
2020-10-15T00:00:00.0000000Z,0.10719,0.107929,0.10474,0.1067,6958821.17764725,1010
2020-10-16T00:00:00.0000000Z,0.106655,0.107349,0.1024,0.104188,6666441.24477011,1077
2020-10-17T00:00:00.0000000Z,0.104207,0.107273,0.103346,0.105921,2840723.29612265,597
2020-10-18T00:00:00.0000000Z,0.105985,0.107566,0.105209,0.107476,2011900.74968125,449
2020-10-19T00:00:00.0000000Z,0.107559,0.111,0.106186,0.108702,5139310.68182042,1015
2020-10-20T00:00:00.0000000Z,0.108565,0.108753,0.100336,0.102457,10360507.07551176,1393
2020-10-21T00:00:00.0000000Z,0.1019,0.10835,0.1015,0.106149,12802841.83597755,1603
2020-10-22T00:00:00.0000000Z,0.106529,0.112857,0.105429,0.110951,19522355.76389108,2887
2020-10-23T00:00:00.0000000Z,0.11082,0.111964,0.105257,0.108105,8390839.62641219,1610
2020-10-24T00:00:00.0000000Z,0.108162,0.109992,0.107433,0.108059,4859782.29766426,1284
2020-10-25T00:00:00.0000000Z,0.108029,0.108827,0.1062,0.106595,5138812.27414402,794
2020-10-26T00:00:00.0000000Z,0.106439,0.107572,0.099288,0.103145,9461889.42328987,1582
2020-10-27T00:00:00.0000000Z,0.10312,0.105914,0.101947,0.102641,9289270.34930813,1510
2020-10-28T00:00:00.0000000Z,0.102641,0.103368,0.095104,0.099,11643827.60737851,2630
2020-10-29T00:00:00.0000000Z,0.098924,0.100744,0.095,0.095347,7625018.7061001,1176
2020-10-30T00:00:00.0000000Z,0.095009,0.095675,0.089562,0.093396,9733140.34185382,1714
2020-10-31T00:00:00.0000000Z,0.093273,0.095544,0.092501,0.093183,5489310.24491817,821
2020-11-01T00:00:00.0000000Z,0.093162,0.098686,0.092718,0.098273,5776986.90309604,691
2020-11-02T00:00:00.0000000Z,0.098384,0.100087,0.091634,0.09246,8275457.21741749,1211
2020-11-03T00:00:00.0000000Z,0.092337,0.093898,0.0881,0.093665,10811011.96706014,1308
2020-11-04T00:00:00.0000000Z,0.093589,0.096255,0.091867,0.095597,11066366.88087012,1235
2020-11-05T00:00:00.0000000Z,0.095965,0.098166,0.092317,0.097698,13559456.93378459,1514
2020-11-06T00:00:00.0000000Z,0.097683,0.110045,0.097381,0.109411,27654424.24988867,3156
2020-11-07T00:00:00.0000000Z,0.109376,0.113913,0.0989,0.101338,28613378.97927455,3333
2020-11-08T00:00:00.0000000Z,0.101473,0.108436,0.100109,0.106518,12152758.49920942,1504
2020-11-09T00:00:00.0000000Z,0.106646,0.108007,0.10135,0.1054,10731247.04376179,1489
2020-11-10T00:00:00.0000000Z,0.105477,0.109169,0.103726,0.105919,11591739.14960729,1455
2020-11-11T00:00:00.0000000Z,0.105866,0.109,0.10574,0.106046,14362244.35918717,1602
2020-11-12T00:00:00.0000000Z,0.106,0.106717,0.102807,0.10478,9096342.84983401,1314
2020-11-13T00:00:00.0000000Z,0.104764,0.107992,0.104382,0.106539,6132457.9582029,1093
2020-11-14T00:00:00.0000000Z,0.106577,0.107303,0.1017,0.104397,8831798.54842532,1366
2020-11-15T00:00:00.0000000Z,0.1041,0.105083,0.098558,0.100516,6981862.20720162,1156
2020-11-16T00:00:00.0000000Z,0.1005,0.105432,0.09955,0.1039,14255251.18839915,1671
2020-11-17T00:00:00.0000000Z,0.103697,0.11235,0.103697,0.109706,19183357.3730181,2911
2020-11-18T00:00:00.0000000Z,0.109644,0.11168,0.102235,0.106694,13740831.76402323,1925
2020-11-19T00:00:00.0000000Z,0.106823,0.1081,0.104532,0.10595,8769665.74760303,1484
2020-11-20T00:00:00.0000000Z,0.10595,0.119,0.105792,0.118538,34539820.04941499,4314
2020-11-21T00:00:00.0000000Z,0.118342,0.13478,0.116657,0.13379,38201366.48387092,6752
2020-11-22T00:00:00.0000000Z,0.133514,0.153669,0.12,0.146129,79955128.08300647,11756
2020-11-23T00:00:00.0000000Z,0.146133,0.161087,0.141,0.154502,65210549.88597165,9619
2020-11-24T00:00:00.0000000Z,0.155156,0.18346,0.13473,0.167378,98064895.16066474,13377
2020-11-25T00:00:00.0000000Z,0.167272,0.176,0.1475,0.155216,59022984.78136411,8256
2020-11-26T00:00:00.0000000Z,0.155102,0.160897,0.123,0.140736,70949657.89928676,11598
2020-11-27T00:00:00.0000000Z,0.140367,0.145881,0.131195,0.141822,21317733.54098134,4053
2020-11-28T00:00:00.0000000Z,0.141776,0.172261,0.139204,0.165275,44682989.78897354,7990
2020-11-29T00:00:00.0000000Z,0.164999,0.171259,0.157445,0.167087,15165732.68703539,4514
2020-11-30T00:00:00.0000000Z,0.166886,0.174066,0.160292,0.172279,35297485.28871404,7058
2020-12-01T00:00:00.0000000Z,0.17228,0.174304,0.143445,0.155525,41289107.9316331,6535
2020-12-02T00:00:00.0000000Z,0.155,0.159764,0.15111,0.158589,14294075.15792456,3915
2020-12-03T00:00:00.0000000Z,0.158709,0.168543,0.155988,0.164211,17261094.11892274,4080
2020-12-04T00:00:00.0000000Z,0.164211,0.164566,0.14612,0.147778,25616771.39876568,4437
2020-12-05T00:00:00.0000000Z,0.148001,0.161999,0.14605,0.160067,12094650.17793612,3142
2020-12-06T00:00:00.0000000Z,0.160124,0.162739,0.153487,0.158762,30755475.62646496,8455
2020-12-07T00:00:00.0000000Z,0.158762,0.159047,0.151541,0.153981,12837038.93985948,2255
2020-12-08T00:00:00.0000000Z,0.154128,0.154924,0.1377,0.141,20158886.98030873,3859
2020-12-09T00:00:00.0000000Z,0.140728,0.150187,0.130001,0.148118,30621382.95281702,5229
2020-12-10T00:00:00.0000000Z,0.148124,0.148598,0.139251,0.141806,12227644.04266756,2706
2020-12-11T00:00:00.0000000Z,0.14209,0.142617,0.1349,0.1392,14322160.01084374,2846
2020-12-12T00:00:00.0000000Z,0.139162,0.14752,0.138707,0.14414,17338918.01165667,2875
2020-12-13T00:00:00.0000000Z,0.144188,0.15682,0.143,0.153765,19662673.46195215,3981
2020-12-14T00:00:00.0000000Z,0.153988,0.15858,0.149757,0.15858,18746807.24327679,3562
2020-12-15T00:00:00.0000000Z,0.158619,0.160042,0.152613,0.153999,21040070.21991279,3896
2020-12-16T00:00:00.0000000Z,0.153999,0.168654,0.149402,0.168444,33427202.62295142,5336
2020-12-17T00:00:00.0000000Z,0.168379,0.17649,0.161,0.163492,46339785.0144848,7272
2020-12-18T00:00:00.0000000Z,0.163683,0.1658,0.1585,0.165283,7340670.33281078,1279
2020-12-19T00:00:00.0000000Z,0.1652,0.170904,0.163272,0.164523,19390365.25796286,2478
2020-12-20T00:00:00.0000000Z,0.163752,0.169099,0.1572,0.162371,17032494.94960351,3839
2020-12-21T00:00:00.0000000Z,0.162057,0.16604,0.146452,0.1528,22677453.44432229,4586
2020-12-22T00:00:00.0000000Z,0.152774,0.1745,0.149,0.156969,33067596.24660527,4157
2020-12-23T00:00:00.0000000Z,0.156796,0.158003,0.125675,0.13663,41199796.88418568,6527
2020-12-24T00:00:00.0000000Z,0.136514,0.154575,0.13152,0.153249,26872711.06563117,4465
2020-12-25T00:00:00.0000000Z,0.153262,0.166999,0.150278,0.15746,33389131.31072289,5425
2020-12-26T00:00:00.0000000Z,0.156979,0.162567,0.149002,0.158137,33972968.9647144,5306
2020-12-27T00:00:00.0000000Z,0.158138,0.16594,0.14904,0.15406,34270744.86667679,6956
2020-12-28T00:00:00.0000000Z,0.154378,0.18,0.152594,0.17605,50568236.5163322,10509
2020-12-29T00:00:00.0000000Z,0.17605,0.196849,0.173145,0.190482,100249370.60701302,18565
2020-12-30T00:00:00.0000000Z,0.1909,0.193312,0.175347,0.183967,44114536.20413379,7095
2020-12-31T00:00:00.0000000Z,0.184008,0.186319,0.1755,0.181689,35740330.17931042,4719
2021-01-01T00:00:00.0000000Z,0.181702,0.18497,0.15,0.17555,37659687.99173384,5394
2021-01-02T00:00:00.0000000Z,0.175445,0.18474,0.168805,0.177523,46789448.30972302,6906
2021-01-03T00:00:00.0000000Z,0.177498,0.21,0.173146,0.206796,60774738.49366095,11762
2021-01-04T00:00:00.0000000Z,0.206551,0.242435,0.19,0.2261,96971777.04882793,19378
2021-01-05T00:00:00.0000000Z,0.22575,0.265041,0.205755,0.259869,76821218.1144359,16074
2021-01-06T00:00:00.0000000Z,0.26,0.347344,0.254383,0.334207,125978744.26391564,28494
2021-01-07T00:00:00.0000000Z,0.334724,0.356369,0.25,0.299293,98756485.04759033,21582
2021-01-09T00:00:00.0000000Z,0.304499,0.339332,0.29655,0.331768,44259705.46624276,10422
2021-01-10T00:00:00.0000000Z,0.332377,0.341851,0.279467,0.30154,58257784.35872458,13101
2021-01-11T00:00:00.0000000Z,0.302257,0.303377,0.229,0.275419,95730797.0409778,18945
2021-01-12T00:00:00.0000000Z,0.276339,0.314971,0.263095,0.288926,64812008.78264045,13121
2021-01-13T00:00:00.0000000Z,0.288828,0.315841,0.270381,0.312503,45164198.48834043,9149
2021-01-14T00:00:00.0000000Z,0.312978,0.324492,0.2964,0.311178,47020773.66877539,11079
2021-01-15T00:00:00.0000000Z,0.311177,0.331081,0.277155,0.302767,66573805.2656011,13290
2021-01-16T00:00:00.0000000Z,0.302216,0.367178,0.3018,0.350409,86332261.45079829,18147
2021-01-17T00:00:00.0000000Z,0.350126,0.397681,0.341297,0.381833,96473516.5571982,20505
2021-01-18T00:00:00.0000000Z,0.382814,0.396918,0.363808,0.370589,43893163.25337028,10089
2021-01-19T00:00:00.0000000Z,0.371,0.384998,0.362625,0.368518,38791381.91135107,9212
2021-01-20T00:00:00.0000000Z,0.368019,0.377257,0.330301,0.375427,54024667.37088187,10982
2021-01-21T00:00:00.0000000Z,0.376,0.379446,0.3,0.308,61217668.31817176,13609
2021-01-22T00:00:00.0000000Z,0.30793,0.35975,0.278,0.349574,79972997.97479968,15994
2021-01-23T00:00:00.0000000Z,0.348822,0.357881,0.335731,0.34562,25295211.28231357,6602
2021-01-24T00:00:00.0000000Z,0.345809,0.369651,0.336359,0.353761,28758724.82210435,7386
2021-01-25T00:00:00.0000000Z,0.354089,0.364404,0.340546,0.343,29847929.56203178,7919
2021-01-26T00:00:00.0000000Z,0.343145,0.350684,0.324363,0.344232,24295157.57347716,6272
2021-01-27T00:00:00.0000000Z,0.344001,0.344473,0.304203,0.3125,33339635.19899541,8088
2021-01-28T00:00:00.0000000Z,0.3125,0.356723,0.305031,0.345002,34243642.87063143,8972
2021-01-29T00:00:00.0000000Z,0.345348,0.369285,0.331501,0.347549,34768234.94327174,9865
2021-01-30T00:00:00.0000000Z,0.347974,0.377,0.337392,0.364039,35374393.63964668,9109
2021-01-31T00:00:00.0000000Z,0.362194,0.376967,0.338108,0.345201,31359818.85905996,8138
2021-02-01T00:00:00.0000000Z,0.345201,0.425,0.333,0.408881,77683109.54585657,18888
2021-02-02T00:00:00.0000000Z,0.409445,0.456995,0.389257,0.42539,99308742.06876025,28054
2021-02-03T00:00:00.0000000Z,0.426621,0.45,0.416031,0.44265,43916496.62167976,13443
2021-02-04T00:00:00.0000000Z,0.44265,0.45,0.410537,0.440175,44957435.45835896,14276
2021-02-05T00:00:00.0000000Z,0.440186,0.562333,0.437,0.541,118068120.01483968,36299
2021-02-06T00:00:00.0000000Z,0.541,0.6689,0.5211,0.635,94283988.50814788,36181
2021-02-07T00:00:00.0000000Z,0.635,0.709874,0.5816,0.66356,131031153.12518027,45085
2021-02-08T00:00:00.0000000Z,0.66356,0.7265,0.631348,0.678177,100529705.2765614,35818
2021-02-09T00:00:00.0000000Z,0.677939,0.712869,0.66432,0.70669,57996723.31954529,23822
2021-02-10T00:00:00.0000000Z,0.70669,0.953482,0.70669,0.941623,150008459.49592048,66312
2021-02-11T00:00:00.0000000Z,0.941622,0.982,0.869,0.929935,105558795.08690886,55086
2021-02-12T00:00:00.0000000Z,0.931928,0.9481,0.865142,0.928184,79519369.67595002,38942
2021-02-13T00:00:00.0000000Z,0.927309,0.952956,0.785845,0.9137,60709880.67319473,29118
2021-02-14T00:00:00.0000000Z,0.913902,0.92,0.809,0.845862,50309650.07227127,24732
2021-02-15T00:00:00.0000000Z,0.845208,0.912753,0.686233,0.859795,98032603.21104994,44249
2021-02-16T00:00:00.0000000Z,0.86431,0.906017,0.834078,0.871539,46583770.41705485,21783
2021-02-17T00:00:00.0000000Z,0.871998,0.899502,0.821721,0.893023,42418531.0569776,21183
2021-02-18T00:00:00.0000000Z,0.892892,0.9599,0.892892,0.913916,58872423.13216138,27434
2021-02-19T00:00:00.0000000Z,0.914658,0.947241,0.877,0.926,53987567.43166554,25668
2021-02-20T00:00:00.0000000Z,0.926,1.198711,0.915,1.116133,175339219.19845724,79884
2021-02-21T00:00:00.0000000Z,1.11628,1.15243,1.07,1.10084,47621924.34725703,26202
2021-02-22T00:00:00.0000000Z,1.101587,1.147,0.156,1.098356,154998914.50303748,67563
2021-02-23T00:00:00.0000000Z,1.0998,1.14,0.815,0.96314,169903520.45443752,65280
2021-02-24T00:00:00.0000000Z,0.960989,1.07769,0.9,1.049579,83526301.57926872,34047
2021-02-25T00:00:00.0000000Z,1.049225,1.17622,1.015,1.072966,109325622.47639687,38543
2021-02-26T00:00:00.0000000Z,1.075448,1.2988,0.99112,1.242939,171827318.67638078,66056
2021-02-27T00:00:00.0000000Z,1.245074,1.485075,1.23,1.318693,162670580.88437244,79617
2021-02-28T00:00:00.0000000Z,1.318038,1.364496,1.16,1.315604,117584769.07938486,58731
2021-03-01T00:00:00.0000000Z,1.316434,1.354081,1.235006,1.296865,79728772.08082305,45398
2021-03-02T00:00:00.0000000Z,1.298353,1.301603,1.18,1.225994,76438599.93512613,38482
2021-03-03T00:00:00.0000000Z,1.225745,1.268576,1.210585,1.215688,42198065.00646035,24062
2021-03-04T00:00:00.0000000Z,1.215,1.231524,1.065398,1.112608,84991205.50880992,38148
2021-03-05T00:00:00.0000000Z,1.112606,1.2,1.033334,1.158052,82636360.99878451,38718
2021-03-06T00:00:00.0000000Z,1.160116,1.18283,1.0852,1.12848,40848332.51152918,19094
2021-03-07T00:00:00.0000000Z,1.129999,1.145733,1.106,1.132198,32261587.29130727,14851
2021-03-08T00:00:00.0000000Z,1.130669,1.179914,1.106004,1.118559,34768040.50744092,19494
2021-03-09T00:00:00.0000000Z,1.118219,1.221,1.102084,1.199001,50946883.18002814,27494
2021-03-10T00:00:00.0000000Z,1.199,1.208665,1.115,1.132359,31873540.20915468,19126
2021-03-11T00:00:00.0000000Z,1.133661,1.14043,1.11,1.125934,23895994.29844535,13077
2021-03-12T00:00:00.0000000Z,1.128001,1.129496,1.02,1.032901,56298963.10582204,24436
2021-03-13T00:00:00.0000000Z,1.032843,1.190484,0.983713,1.100964,61504851.12978575,31322
2021-03-14T00:00:00.0000000Z,1.100964,1.1032,1.05333,1.05333,26572159.39566924,15230
2021-03-15T00:00:00.0000000Z,1.053001,1.070178,1.0008,1.031434,38114827.94744397,19554
2021-03-16T00:00:00.0000000Z,1.03258,1.28,1.0,1.25,107807291.84278622,56102
2021-03-17T00:00:00.0000000Z,1.249999,1.431586,1.205,1.379147,88072906.54852632,52012
2021-03-18T00:00:00.0000000Z,1.379592,1.475999,1.2229,1.230974,129983338.3194659,75638
2021-03-19T00:00:00.0000000Z,1.230974,1.342379,1.181,1.294255,70532515.05769119,39977
2021-03-20T00:00:00.0000000Z,1.29443,1.309997,1.200002,1.200381,38033278.86312835,20966
2021-03-21T00:00:00.0000000Z,1.200321,1.24261,1.16,1.187002,28908167.36282582,15962
2021-03-22T00:00:00.0000000Z,1.187003,1.207442,1.065603,1.102438,51414529.0924743,24119
2021-03-23T00:00:00.0000000Z,1.102001,1.173907,1.081749,1.115531,32398598.46859354,17101
2021-03-24T00:00:00.0000000Z,1.115157,1.165284,1.031457,1.068706,37919521.63658747,19302
2021-03-25T00:00:00.0000000Z,1.068333,1.1523,1.046589,1.097074,35314313.57538164,19028
2021-03-26T00:00:00.0000000Z,1.097074,1.289712,1.096624,1.21494,50440262.31953575,25141
2021-03-27T00:00:00.0000000Z,1.215146,1.239999,1.155,1.176839,21300462.49750088,11933
2021-03-28T00:00:00.0000000Z,1.176948,1.219037,1.16789,1.189723,13035282.71092892,7968
2021-03-29T00:00:00.0000000Z,1.189941,1.229677,1.179,1.202624,18322329.21010975,10084
2021-03-30T00:00:00.0000000Z,1.203125,1.237438,1.1896,1.213216,17843465.36549316,9654
2021-03-31T00:00:00.0000000Z,1.212432,1.212705,1.155146,1.19237,20560021.2140664,12740
2021-04-01T00:00:00.0000000Z,1.192458,1.206645,1.173257,1.184226,17420684.62304222,10766
2021-04-02T00:00:00.0000000Z,1.184823,1.243427,1.18,1.19136,22023852.22358961,13020
2021-04-03T00:00:00.0000000Z,1.191,1.24,1.158626,1.163258,23178261.65658867,15449
2021-04-04T00:00:00.0000000Z,1.163258,1.193272,1.151841,1.181986,11209150.43526612,8034
2021-04-05T00:00:00.0000000Z,1.183842,1.225866,1.1641,1.211715,20380406.90185174,13454
2021-04-06T00:00:00.0000000Z,1.211627,1.342316,1.18,1.252338,43558468.05238776,30040
2021-04-07T00:00:00.0000000Z,1.253499,1.289413,1.160652,1.173699,27015414.30494951,17826
2021-04-08T00:00:00.0000000Z,1.173249,1.22422,1.17046,1.219051,12897916.02502918,9506
2021-04-09T00:00:00.0000000Z,1.219859,1.228465,1.192084,1.202323,9045319.59986343,6943
2021-04-10T00:00:00.0000000Z,1.202735,1.212856,1.194834,1.212856,2419431.38011756,1389
2021-04-11T00:00:00.0000000Z,1.217975,1.2888,1.198371,1.2625,25954971.44168712,17182
2021-04-12T00:00:00.0000000Z,1.2625,1.345999,1.2625,1.322482,32389522.08274747,22963
2021-04-13T00:00:00.0000000Z,1.315101,1.436869,1.283,1.411476,45067134.99288938,33138
2021-04-14T00:00:00.0000000Z,1.413248,1.558393,1.35,1.446804,73279722.98936959,49095
2021-04-15T00:00:00.0000000Z,1.45658,1.4933,1.41115,1.49,25929134.81704713,18819
2021-04-16T00:00:00.0000000Z,1.482272,1.519999,1.302,1.412926,49793065.63368193,32612
2021-04-17T00:00:00.0000000Z,1.412347,1.45931,1.359977,1.372031,20258321.04448266,15248
2021-04-19T00:00:00.0000000Z,1.279499,1.325,1.222,1.222,12035745.42212961,7799
2021-04-20T00:00:00.0000000Z,1.195894,1.28,1.121631,1.269851,56489182.41276988,28220
2021-04-21T00:00:00.0000000Z,1.27,1.288558,1.198667,1.20412,25578086.22213506,14472
2021-04-22T00:00:00.0000000Z,1.205352,1.2807,1.11413,1.145205,40087784.91174168,21614
2021-04-23T00:00:00.0000000Z,1.145,1.164723,0.92607,1.098799,52255335.02651456,28818
2021-04-24T00:00:00.0000000Z,1.159961,1.159961,1.128621,1.132625,421435.17915669,249
2021-04-25T00:00:00.0000000Z,1.104847,1.146999,1.01995,1.092,26866362.67618264,13102
2021-04-26T00:00:00.0000000Z,1.091881,1.253706,1.081874,1.238361,33959989.18830039,19458
2021-04-27T00:00:00.0000000Z,1.235249,1.334991,1.226466,1.308989,26751172.95930277,16696
2021-04-28T00:00:00.0000000Z,1.307579,1.351652,1.2351,1.339299,26517249.70959706,16681
2021-04-29T00:00:00.0000000Z,1.339299,1.41,1.267658,1.307841,39210338.18179109,21705
2021-04-30T00:00:00.0000000Z,1.306762,1.373046,1.287936,1.354226,21143629.88291791,13444
2021-05-01T00:00:00.0000000Z,1.354038,1.369589,1.316001,1.353501,12988732.12223544,10251
2021-05-02T00:00:00.0000000Z,1.3535,1.356475,1.295265,1.327791,14171282.84625235,10165
2021-05-03T00:00:00.0000000Z,1.327791,1.38,1.323373,1.362767,18744204.9787914,13346
2021-05-04T00:00:00.0000000Z,1.363632,1.367526,1.25766,1.272678,30191059.89917947,21267
2021-05-05T00:00:00.0000000Z,1.271645,1.495085,1.261608,1.479527,58318237.89288033,34077
2021-05-06T00:00:00.0000000Z,1.481181,1.7,1.426978,1.648736,86190152.78431004,55884
2021-05-07T00:00:00.0000000Z,1.648736,1.748,1.53,1.655011,55897420.92869486,37283
2021-05-08T00:00:00.0000000Z,1.655158,1.655939,1.563307,1.6235,27446087.57524417,17622
2021-05-09T00:00:00.0000000Z,1.622418,1.833,1.575,1.769101,57416765.55665245,40483
2021-05-10T00:00:00.0000000Z,1.769647,1.825,1.55,1.645702,47304461.36074666,34545
2021-05-11T00:00:00.0000000Z,1.644315,1.78,1.5987,1.765163,32102015.97695241,24787
2021-05-12T00:00:00.0000000Z,1.765871,1.82278,1.55,1.565,54990980.57970996,36234
2021-05-13T00:00:00.0000000Z,1.56,1.9707,1.5,1.928757,104325699.7689248,71702
2021-05-14T00:00:00.0000000Z,1.929755,2.04438,1.816,2.008375,43197358.17412461,35255
2021-05-15T00:00:00.0000000Z,2.009698,2.38064,1.967488,2.173633,88450108.42558917,70066
2021-05-16T00:00:00.0000000Z,2.17522,2.465208,2.011,2.3062,88968950.56047127,67663
2021-05-17T00:00:00.0000000Z,2.307184,2.331235,1.777,2.031234,93696859.74410468,62336
2021-05-18T00:00:00.0000000Z,2.031234,2.15,1.965201,2.005466,47400432.12927689,32105
2021-05-19T00:00:00.0000000Z,2.005959,2.029,0.95,1.470524,196288920.44187808,115617
2021-05-20T00:00:00.0000000Z,1.470505,1.95,1.350312,1.800893,99700208.00876151,62340
2021-05-21T00:00:00.0000000Z,1.802698,1.87,1.323284,1.550342,94677988.60084684,54335
2021-05-22T00:00:00.0000000Z,1.55059,1.601715,1.37,1.463598,51857003.14544977,29762
2021-05-23T00:00:00.0000000Z,1.464283,1.54089,1.054,1.313675,111292802.17156917,62212
2021-05-24T00:00:00.0000000Z,1.314943,1.599438,1.255655,1.550214,74740749.62002882,40464
2021-05-25T00:00:00.0000000Z,1.550544,1.6487,1.439058,1.554611,57439993.04488151,35320
2021-05-26T00:00:00.0000000Z,1.554611,1.8318,1.554611,1.78193,85337247.08501117,49239
2021-05-27T00:00:00.0000000Z,1.78193,1.788563,1.6111,1.655785,36094444.312268,24618
2021-05-28T00:00:00.0000000Z,1.656741,1.679508,1.45,1.512466,51618661.12480293,32079
2021-05-29T00:00:00.0000000Z,1.513,1.560399,1.335021,1.403867,40715474.61782863,24155
2021-05-30T00:00:00.0000000Z,1.404585,1.7,1.349433,1.575845,45193208.05654259,32203
2021-05-31T00:00:00.0000000Z,1.575172,1.74991,1.525668,1.74,40063082.36787574,25425
2021-06-01T00:00:00.0000000Z,1.74,1.778605,1.65555,1.734232,41787090.2282173,26732
2021-06-02T00:00:00.0000000Z,1.735786,1.803908,1.718378,1.754079,33044878.75154583,21967
2021-06-03T00:00:00.0000000Z,1.753884,1.889793,1.711004,1.844639,32017146.32858838,22187
2021-06-04T00:00:00.0000000Z,1.844639,1.847243,1.607701,1.707847,49398132.85870733,30491
2021-06-05T00:00:00.0000000Z,1.708956,1.7822,1.606435,1.656987,29060468.32457174,17050
2021-06-06T00:00:00.0000000Z,1.655,1.707452,1.647875,1.677341,13580511.56920049,8731
2021-06-07T00:00:00.0000000Z,1.676311,1.75,1.55,1.563884,40353703.73619381,22815
2021-06-08T00:00:00.0000000Z,1.562821,1.601834,1.4,1.584974,68461459.21627979,35551
2021-06-09T00:00:00.0000000Z,1.584494,1.633411,1.485,1.627284,41726389.43840847,23233
2021-06-10T00:00:00.0000000Z,1.627389,1.636119,1.510669,1.532428,24802051.25293801,15921
2021-06-11T00:00:00.0000000Z,1.532428,1.547119,1.42,1.437164,27731595.09805993,16185
2021-06-12T00:00:00.0000000Z,1.434,1.493,1.358036,1.476288,26563359.22289702,17297
2021-06-13T00:00:00.0000000Z,1.47807,1.58,1.402284,1.558992,32809661.82795739,18688
2021-06-14T00:00:00.0000000Z,1.559213,1.594,1.50778,1.578,28561774.3007277,16184
2021-06-15T00:00:00.0000000Z,1.578001,1.610926,1.54357,1.556835,16228681.81414032,10405
2021-06-16T00:00:00.0000000Z,1.556001,1.574085,1.47451,1.483493,14467748.24589372,9372
2021-06-17T00:00:00.0000000Z,1.483657,1.5388,1.4577,1.480814,15190443.65105379,9933
2021-06-18T00:00:00.0000000Z,1.482308,1.491831,1.3756,1.415486,18125350.67597627,12388
2021-06-19T00:00:00.0000000Z,1.414904,1.439673,1.384,1.384438,15849813.1018228,8990
2021-06-20T00:00:00.0000000Z,1.385439,1.457799,1.3,1.425618,24625086.64233509,14776
2021-06-21T00:00:00.0000000Z,1.427186,1.435508,1.168154,1.174492,44553960.74374929,28186
2021-06-22T00:00:00.0000000Z,1.174225,1.262971,1.000004,1.154341,83563709.88964546,41151
2021-06-23T00:00:00.0000000Z,1.151403,1.31,1.125291,1.250003,41195510.34618709,19455
2021-06-24T00:00:00.0000000Z,1.2501,1.399,1.200981,1.358665,28975550.99971311,16165
2021-06-25T00:00:00.0000000Z,1.359844,1.395,1.243838,1.254708,25970928.77309006,17712
2021-06-26T00:00:00.0000000Z,1.252974,1.290689,1.198611,1.251661,18057986.70426529,11020
2021-06-27T00:00:00.0000000Z,1.251493,1.348425,1.24213,1.336381,12430259.14811893,8805
2021-06-28T00:00:00.0000000Z,1.337807,1.349186,1.305474,1.326,14834140.48350154,9577
2021-06-29T00:00:00.0000000Z,1.326218,1.42,1.320658,1.371268,17811573.9818926,12110
2021-06-30T00:00:00.0000000Z,1.372703,1.399448,1.2855,1.384683,25771727.97845878,16059
2021-07-01T00:00:00.0000000Z,1.384918,1.385796,1.303601,1.336065,14736657.48341724,9467
2021-07-02T00:00:00.0000000Z,1.331289,1.3949,1.285782,1.394795,14557862.48553525,10141
2021-07-03T00:00:00.0000000Z,1.394859,1.442784,1.359152,1.40437,10734053.99976518,7725
2021-07-04T00:00:00.0000000Z,1.403381,1.494922,1.383654,1.461191,8807252.13086798,8026
2021-07-05T00:00:00.0000000Z,1.461225,1.461225,1.377543,1.404062,13184590.12883989,9825
2021-07-06T00:00:00.0000000Z,1.404608,1.456863,1.391,1.417065,10849105.02450641,8424
2021-07-07T00:00:00.0000000Z,1.417065,1.44,1.400631,1.402358,9405411.99256958,6644
2021-07-08T00:00:00.0000000Z,1.403604,1.405155,1.32,1.32876,13531569.99115914,9364
2021-07-09T00:00:00.0000000Z,1.328529,1.373432,1.286019,1.349052,13618007.2354585,8896
2021-07-10T00:00:00.0000000Z,1.350514,1.3649,1.318164,1.335006,6249502.53785655,4843
2021-07-11T00:00:00.0000000Z,1.335,1.367827,1.324809,1.348367,7273076.47149135,4274
2021-07-12T00:00:00.0000000Z,1.348846,1.373333,1.291999,1.313186,8254930.16749326,5959
2021-07-13T00:00:00.0000000Z,1.311051,1.32,1.2505,1.265526,11391654.37963985,7746
2021-07-14T00:00:00.0000000Z,1.266242,1.28947,1.2,1.262786,13964031.47731476,10101
2021-07-15T00:00:00.0000000Z,1.262648,1.289184,1.205563,1.225487,13573839.67566672,8439
2021-07-16T00:00:00.0000000Z,1.225211,1.244399,1.1658,1.172784,11314235.18832693,9412
2021-07-17T00:00:00.0000000Z,1.171521,1.194965,1.1511,1.172446,10222149.95478357,6183
2021-07-18T00:00:00.0000000Z,1.171879,1.218133,1.167811,1.181105,5848437.52614653,4034
2021-07-19T00:00:00.0000000Z,1.180694,1.19091,1.116272,1.121601,8721786.89901747,6917
2021-07-20T00:00:00.0000000Z,1.121601,1.13665,1.022,1.056412,25449317.57383614,15199
2021-07-21T00:00:00.0000000Z,1.055756,1.222004,1.03799,1.169397,25604388.4947558,15368
2021-07-22T00:00:00.0000000Z,1.169603,1.207514,1.150001,1.183974,12363828.99813735,8081
2021-07-23T00:00:00.0000000Z,1.197057,1.20797,1.147659,1.206881,9538965.07059311,5391
2021-07-24T00:00:00.0000000Z,1.208121,1.248837,1.199,1.233203,12624514.95006071,5939
2021-07-25T00:00:00.0000000Z,1.233875,1.239952,1.191772,1.229793,8165755.60113768,5272
2021-07-26T00:00:00.0000000Z,1.229215,1.399621,1.22406,1.255386,29110042.78259944,20969
2021-07-28T00:00:00.0000000Z,1.280063,1.319114,1.258246,1.286563,10730413.48565697,9322
2021-07-29T00:00:00.0000000Z,1.286563,1.298543,1.257894,1.284001,7860055.84530854,5897
2021-07-30T00:00:00.0000000Z,1.286086,1.317857,1.249642,1.310334,10298835.46371359,7847
2021-07-31T00:00:00.0000000Z,1.311435,1.333118,1.29,1.318233,9517226.07414481,6393
2021-08-01T00:00:00.0000000Z,1.32026,1.388936,1.3009,1.316158,16584258.93536106,11485
2021-08-02T00:00:00.0000000Z,1.314904,1.350169,1.29385,1.31141,8460920.46743221,6769
2021-08-03T00:00:00.0000000Z,1.308805,1.38,1.263,1.368559,15799202.72489354,11290
2021-08-04T00:00:00.0000000Z,1.369416,1.3934,1.323509,1.377544,10120311.64052121,7543
2021-08-05T00:00:00.0000000Z,1.377545,1.397829,1.338529,1.386727,9583179.43448435,7595
2021-08-06T00:00:00.0000000Z,1.387087,1.42753,1.359,1.400905,16614273.6289871,9240
2021-08-07T00:00:00.0000000Z,1.403168,1.485,1.396712,1.475457,16516227.5106837,16853
2021-08-08T00:00:00.0000000Z,1.472959,1.495,1.408914,1.428184,10362448.27936771,15461
2021-08-09T00:00:00.0000000Z,1.426401,1.49985,1.394959,1.476611,13415981.1690257,15886
2021-08-10T00:00:00.0000000Z,1.476368,1.700438,1.456874,1.678163,24699437.3587366,27205
2021-08-11T00:00:00.0000000Z,1.678163,1.895,1.671237,1.799999,37108602.46658086,36904
2021-08-12T00:00:00.0000000Z,1.795082,1.868638,1.680388,1.8316,27320348.8728841,27634
2021-08-13T00:00:00.0000000Z,1.832389,2.15,1.823661,2.139475,46396526.28823629,40948
2021-08-14T00:00:00.0000000Z,2.139513,2.248,2.07793,2.191533,31456676.08645782,32017
2021-08-15T00:00:00.0000000Z,2.19,2.25,2.034574,2.170323,22955527.49996653,22515
2021-08-16T00:00:00.0000000Z,2.169851,2.195,2.05,2.073864,17180951.03684543,17079
2021-08-17T00:00:00.0000000Z,2.071177,2.142081,1.9088,1.926326,29221257.87444223,24774
2021-08-18T00:00:00.0000000Z,1.923626,2.166614,1.872856,2.105264,28441581.59461438,26317
2021-08-19T00:00:00.0000000Z,2.10498,2.45,2.046966,2.43982,55257321.56417711,41544
2021-08-20T00:00:00.0000000Z,2.439999,2.580869,2.372776,2.456988,49469236.07600062,44520
2021-08-21T00:00:00.0000000Z,2.45735,2.528178,2.387,2.438343,15479300.4341136,18169
2021-08-22T00:00:00.0000000Z,2.436988,2.720057,2.435,2.71,22687608.48548028,23068
2021-08-23T00:00:00.0000000Z,2.710001,2.969999,2.688312,2.917281,41840836.60093678,42954
2021-08-24T00:00:00.0000000Z,2.916675,2.945127,2.588858,2.725271,46974368.49381985,44957
2021-08-25T00:00:00.0000000Z,2.720844,2.796442,2.604387,2.741899,21453369.36678074,25379
2021-08-26T00:00:00.0000000Z,2.74033,2.784998,2.46916,2.532117,27165336.49645208,29141
2021-08-27T00:00:00.0000000Z,2.534564,2.947942,2.496609,2.94735,31869108.44084889,31868
2021-08-28T00:00:00.0000000Z,2.947428,2.95,2.775755,2.84903,14314158.67886883,16513
2021-08-29T00:00:00.0000000Z,2.850353,2.932247,2.72315,2.853309,16983941.67453026,17763
2021-08-30T00:00:00.0000000Z,2.853464,2.886179,2.72,2.734968,19366022.18092344,19409
2021-08-31T00:00:00.0000000Z,2.735951,2.879322,2.705,2.771018,19665944.29790288,21766
2021-09-01T00:00:00.0000000Z,2.76904,2.905011,2.726032,2.870788,16608275.56653769,19259
2021-09-02T00:00:00.0000000Z,2.870789,3.09778,2.83911,2.965674,35277088.74635814,41223
2021-09-03T00:00:00.0000000Z,2.963277,3.033869,2.9061,2.968611,18970329.99796907,19441
2021-09-04T00:00:00.0000000Z,2.968001,2.968001,2.789437,2.832178,16158989.53670154,18272
2021-09-05T00:00:00.0000000Z,2.833018,2.958,2.825139,2.913545,15091264.80391672,15292
2021-09-06T00:00:00.0000000Z,2.913366,2.928,2.8045,2.834378,13884148.18553092,16230
2021-09-07T00:00:00.0000000Z,2.834999,2.874958,2.02,2.508366,78081631.90053084,82263
2021-09-08T00:00:00.0000000Z,2.516003,2.564627,2.2,2.471221,33883947.47137233,34414
2021-09-09T00:00:00.0000000Z,2.471735,2.623814,2.39159,2.514072,29116889.32557275,27752
2021-09-10T00:00:00.0000000Z,2.516111,2.583877,2.276869,2.383138,23474317.86164739,24868
2021-09-11T00:00:00.0000000Z,2.384236,2.798108,2.369646,2.637296,29482394.80314934,28382
2021-09-12T00:00:00.0000000Z,2.636753,2.788811,2.501271,2.581235,25782377.00182493,27144
2021-09-13T00:00:00.0000000Z,2.580417,2.589227,2.3,2.400501,31561285.52081046,31877
2021-09-14T00:00:00.0000000Z,2.402374,2.441028,2.323251,2.396491,14470009.39352918,15287
2021-09-15T00:00:00.0000000Z,2.399439,2.593428,2.3614,2.504339,18271259.19028319,20221
2021-09-16T00:00:00.0000000Z,2.505004,2.518,2.383,2.42,10216217.47191688,14215
2021-09-17T00:00:00.0000000Z,2.42,2.441073,2.316001,2.347606,10941168.47884431,10906
2021-09-18T00:00:00.0000000Z,2.350781,2.436806,2.312072,2.370271,6245909.47523775,6901
2021-09-19T00:00:00.0000000Z,2.370137,2.39493,2.262794,2.281607,7489099.30464259,8589
2021-09-20T00:00:00.0000000Z,2.282399,2.288497,1.975,2.081,39188558.87816076,34214
2021-09-21T00:00:00.0000000Z,2.080964,2.2267,1.913,1.98427,30881512.90486983,27008
2021-09-22T00:00:00.0000000Z,1.98665,2.268,1.968623,2.257793,19256157.73062996,17862
2021-09-23T00:00:00.0000000Z,2.258365,2.345745,2.183,2.330656,11071626.14976192,12832
2021-09-24T00:00:00.0000000Z,2.33,2.346422,2.065,2.281334,26195978.79504477,26009
2021-09-25T00:00:00.0000000Z,2.281333,2.457998,2.240288,2.300352,15822481.44849472,15319
2021-09-26T00:00:00.0000000Z,2.300906,2.307342,2.15115,2.20698,15660785.99251183,14512
2021-09-27T00:00:00.0000000Z,2.207626,2.274774,2.130487,2.131046,11364172.49199175,10951
2021-09-28T00:00:00.0000000Z,2.131241,2.171694,2.03,2.036351,11770312.19838482,9887
2021-09-29T00:00:00.0000000Z,2.036023,2.143003,2.021986,2.064626,12343501.14861592,10930
2021-09-30T00:00:00.0000000Z,2.064601,2.135134,2.052379,2.115677,13054182.08090822,10528
