ant_start_date,price_open,price_high,price_low,price_close,volume_traded,trades_count
2020-11-24T00:00:00.0000000Z,4.41,5.9,4.0,4.0544,36729.47982483,424
2020-11-25T00:00:00.0000000Z,4.0649,4.68,3.7,3.9,28493.89122226,686
2020-11-26T00:00:00.0000000Z,3.87,4.2499,3.01,3.2381,28809.34440618,397
2020-11-27T00:00:00.0000000Z,3.3988,3.3988,3.0312,3.1394,16093.74532413,184
2020-11-28T00:00:00.0000000Z,3.1452,3.3676,3.139,3.2615,8723.61720939,121
2020-11-29T00:00:00.0000000Z,3.2532,3.3226,3.1525,3.2895,10496.16887265,95
2020-11-30T00:00:00.0000000Z,3.2961,3.4462,3.2449,3.4462,8097.70285745,145
2020-12-01T00:00:00.0000000Z,3.4513,3.6169,3.1103,3.3207,81041.08235537,562
2020-12-02T00:00:00.0000000Z,3.3047,3.4685,3.2698,3.3852,11982.56575231,137
2020-12-03T00:00:00.0000000Z,3.4362,3.4781,3.345,3.3559,5343.48877995,107
2020-12-04T00:00:00.0000000Z,3.3715,3.4336,3.1715,3.1715,22563.69121542,123
2020-12-05T00:00:00.0000000Z,3.1892,3.2871,3.168,3.2871,2497.69680705,32
2020-12-06T00:00:00.0000000Z,3.2752,3.5941,3.2351,3.4717,53181.7764217,2121
2020-12-07T00:00:00.0000000Z,3.4878,3.4878,3.297,3.4405,6975.84936756,91
2020-12-08T00:00:00.0000000Z,3.3938,3.3938,3.0778,3.0778,6660.69706553,91
2020-12-09T00:00:00.0000000Z,3.1043,3.1618,3.0149,3.0498,7187.69281902,110
2020-12-10T00:00:00.0000000Z,3.0449,3.0933,2.9689,3.0404,7004.58113113,77
2020-12-11T00:00:00.0000000Z,3.0277,3.0277,2.8264,2.8812,10434.59442448,142
2020-12-12T00:00:00.0000000Z,2.8068,3.0,2.8068,2.9889,2369.68158979,39
2020-12-13T00:00:00.0000000Z,2.9894,3.0639,2.9693,3.0021,6689.86501049,88
2020-12-14T00:00:00.0000000Z,3.0178,3.0178,2.9081,2.9799,36414.23993554,241
2020-12-15T00:00:00.0000000Z,2.976,3.1377,2.9499,3.0901,18382.85660379,187
2020-12-16T00:00:00.0000000Z,3.0517,3.1496,3.0304,3.1378,14551.15980377,98
2020-12-17T00:00:00.0000000Z,3.1588,3.25,3.0253,3.25,9294.97816748,162
2020-12-18T00:00:00.0000000Z,3.25,3.556,3.1165,3.3,2124.13469302,105
2020-12-19T00:00:00.0000000Z,3.2999,3.427,3.1228,3.2299,5357.02712346,88
2020-12-20T00:00:00.0000000Z,3.2299,3.35,3.043,3.171,2225.08316511,95
2020-12-21T00:00:00.0000000Z,3.17,3.1953,2.876,2.92,132662.38362633,1008
2020-12-22T00:00:00.0000000Z,3.1519,3.85,2.8706,2.97,6471.61477429,141
2020-12-23T00:00:00.0000000Z,2.97,3.1646,2.7001,2.9902,8920.98622986,232
2020-12-24T00:00:00.0000000Z,2.8979,3.1355,2.7002,2.9068,6324.75702623,213
2020-12-25T00:00:00.0000000Z,2.9141,3.15,2.8201,2.8978,5425.01414076,165
2020-12-26T00:00:00.0000000Z,2.9903,3.0763,2.8419,2.8716,3750.54834276,132
2020-12-27T00:00:00.0000000Z,2.928,3.0573,2.8045,2.9903,2733.90585745,137
2020-12-28T00:00:00.0000000Z,2.8978,3.3999,2.8978,2.9769,21121.03009765,411
2020-12-29T00:00:00.0000000Z,2.973,3.1202,2.9246,2.9609,3218.71755266,120
2020-12-30T00:00:00.0000000Z,2.9509,3.0763,2.94,3.0255,2928.60013738,74
2020-12-31T00:00:00.0000000Z,3.0212,3.0539,2.9908,3.0213,6619.23054391,104
2021-01-01T00:00:00.0000000Z,3.0763,3.2412,3.0763,3.2173,9202.36393596,71
2021-01-02T00:00:00.0000000Z,3.2173,3.2173,3.04,3.0995,48788.46058824,298
2021-01-03T00:00:00.0000000Z,3.0976,3.2133,3.0026,3.0757,10041.5658129,166
2021-01-04T00:00:00.0000000Z,3.0763,3.4451,3.0715,3.3409,26734.69162908,277
2021-01-05T00:00:00.0000000Z,3.3423,3.4276,3.1825,3.3005,11669.03761962,176
2021-01-06T00:00:00.0000000Z,3.3224,3.5885,3.2969,3.4797,24828.20570931,224
2021-01-07T00:00:00.0000000Z,3.4875,8.88,2.5001,3.434,115998.3236547,1354
2021-01-09T00:00:00.0000000Z,3.313,3.6415,3.2975,3.5149,19477.28007004,385
2021-01-10T00:00:00.0000000Z,3.5174,3.9488,3.3883,3.8021,31578.24844292,518
2021-01-11T00:00:00.0000000Z,3.8006,3.8006,3.0101,3.3472,22141.39420893,550
2021-01-12T00:00:00.0000000Z,3.2975,3.4,3.0392,3.1925,12510.06304385,455
2021-01-13T00:00:00.0000000Z,3.11,3.3897,3.0288,3.2849,10950.97142039,311
2021-01-14T00:00:00.0000000Z,3.3078,3.5932,3.1628,3.2689,14392.55207748,356
2021-01-15T00:00:00.0000000Z,3.2689,3.5509,3.1082,3.2733,28147.16547213,556
2021-01-16T00:00:00.0000000Z,3.3471,3.617,3.3471,3.4859,22019.30976084,395
2021-01-17T00:00:00.0000000Z,3.4843,5.2,3.4343,4.8208,98227.94277309,2098
2021-01-18T00:00:00.0000000Z,4.9338,4.963,4.2123,4.3209,42773.60763351,945
2021-01-19T00:00:00.0000000Z,4.4948,4.6999,3.9767,3.9857,26417.10827054,475
2021-01-20T00:00:00.0000000Z,4.0771,4.1582,3.7155,4.0487,20115.12589369,357
2021-01-21T00:00:00.0000000Z,4.0001,4.0878,3.5,3.6299,13364.48704017,397
2021-01-22T00:00:00.0000000Z,3.5,3.8734,3.231,3.5217,27620.37510968,381
2021-01-23T00:00:00.0000000Z,3.4798,4.18,3.4209,3.859,32010.21156441,513
2021-01-24T00:00:00.0000000Z,3.8438,4.3999,3.7909,4.286,42479.62705496,969
2021-01-25T00:00:00.0000000Z,4.2441,4.39,3.8672,3.9009,26088.23162248,455
2021-01-26T00:00:00.0000000Z,3.8712,4.1204,3.5938,4.0564,31465.29415988,249
2021-01-27T00:00:00.0000000Z,4.0073,4.0073,3.4334,3.5025,18399.55897851,202
2021-01-28T00:00:00.0000000Z,3.5053,4.0622,3.48,3.879,28792.00462573,262
2021-01-29T00:00:00.0000000Z,3.8897,3.9468,3.5986,3.7515,18428.1430825,188
2021-01-30T00:00:00.0000000Z,3.7605,4.14,3.725,4.0202,46899.59381276,407
2021-01-31T00:00:00.0000000Z,3.9734,4.3,3.8822,4.1751,39900.11699939,254
2021-02-01T00:00:00.0000000Z,4.0816,4.9666,4.0816,4.2582,47767.21927644,308
2021-02-02T00:00:00.0000000Z,4.2643,4.2679,4.1015,4.1731,8887.94651257,161
2021-02-03T00:00:00.0000000Z,4.1639,4.2852,4.0305,4.2532,16711.88407849,281
2021-02-04T00:00:00.0000000Z,4.2659,4.7861,4.1933,4.5237,30764.95015621,484
2021-02-05T00:00:00.0000000Z,4.5318,6.6998,4.5252,6.6242,77698.79026406,1364
2021-02-06T00:00:00.0000000Z,6.2851,6.6994,5.1001,5.5018,47021.2519725,666
2021-02-07T00:00:00.0000000Z,5.5039,6.2461,4.64,5.2065,52312.35796581,603
2021-02-08T00:00:00.0000000Z,5.212,5.7869,5.0855,5.5967,35918.53598758,427
2021-02-09T00:00:00.0000000Z,5.5969,5.8333,5.3653,5.7543,27485.79476255,402
2021-02-10T00:00:00.0000000Z,5.8381,5.9504,5.0733,5.4981,56555.40419518,718
2021-02-11T00:00:00.0000000Z,5.498,6.5757,5.4661,6.2556,71266.89152414,953
2021-02-12T00:00:00.0000000Z,6.2949,6.98,6.2049,6.94,88382.3823327,1208
2021-02-13T00:00:00.0000000Z,6.94,7.3097,6.2211,7.1267,93804.41593435,831
2021-02-14T00:00:00.0000000Z,7.2018,7.5,6.2244,6.5795,33148.17651961,556
2021-02-15T00:00:00.0000000Z,6.5278,6.5303,5.034,5.9314,60069.61536157,972
2021-02-16T00:00:00.0000000Z,5.857,6.1866,5.4205,5.7603,40246.40955893,494
2021-02-17T00:00:00.0000000Z,5.736,8.0,5.3615,6.1082,42044.94108241,626
2021-02-18T00:00:00.0000000Z,6.12,6.95,5.9436,6.3496,45823.01369497,731
2021-02-19T00:00:00.0000000Z,6.3514,6.5024,4.51,5.9628,62226.82740229,925
2021-02-20T00:00:00.0000000Z,6.0134,6.1472,5.5315,5.6641,71403.96232579,1099
2021-02-21T00:00:00.0000000Z,5.6406,5.91,5.5234,5.8335,58910.28108159,1089
2021-02-22T00:00:00.0000000Z,5.86,7.5,4.8444,5.2976,94315.62299738,1806
2021-02-23T00:00:00.0000000Z,5.2879,5.2879,3.8391,4.428,105083.16387034,1366
2021-02-24T00:00:00.0000000Z,4.4039,4.9762,4.2209,4.7246,52321.70532694,809
2021-02-25T00:00:00.0000000Z,4.7483,4.8119,4.3529,4.3529,42368.0350182,715
2021-02-26T00:00:00.0000000Z,4.3626,4.7837,3.8899,4.1245,37172.60084288,492
2021-02-27T00:00:00.0000000Z,4.1865,4.3833,4.0614,4.2194,33519.75507024,734
2021-02-28T00:00:00.0000000Z,4.2144,4.2195,3.546,3.7972,48464.1967664,1106
2021-03-01T00:00:00.0000000Z,3.8139,4.3577,3.8138,4.3577,25863.98732931,396
2021-03-02T00:00:00.0000000Z,4.3889,6.072,4.1317,5.3536,125801.51390416,1942
2021-03-03T00:00:00.0000000Z,5.3451,6.66,4.9838,5.1594,157294.27110893,2303
2021-03-04T00:00:00.0000000Z,5.1278,5.56,4.8174,5.3597,54232.94724865,932
2021-03-05T00:00:00.0000000Z,5.3034,5.3034,4.7807,5.0771,47087.20223871,1011
2021-03-06T00:00:00.0000000Z,5.0742,5.0997,4.8538,5.0383,16589.25409926,402
2021-03-07T00:00:00.0000000Z,5.0349,5.21,4.96,5.0727,12477.93169964,289
2021-03-08T00:00:00.0000000Z,5.0743,5.3679,4.95,5.3679,35785.28885268,488
2021-03-09T00:00:00.0000000Z,5.3337,5.4579,5.1841,5.3975,21287.00580169,570
2021-03-10T00:00:00.0000000Z,5.4075,5.4748,5.0657,5.1745,16120.75937758,296
2021-03-11T00:00:00.0000000Z,5.1291,5.2427,4.9158,5.1119,10285.68108304,349
2021-03-12T00:00:00.0000000Z,5.1251,6.0487,5.0051,6.0041,46095.99669911,1067
2021-03-13T00:00:00.0000000Z,5.9429,5.9429,5.5151,5.6291,24205.85335337,622
2021-03-14T00:00:00.0000000Z,5.6242,6.059,5.4903,5.8529,24748.89674017,587
2021-03-15T00:00:00.0000000Z,5.8212,7.3,5.3158,6.7918,107046.37451423,1511
2021-03-16T00:00:00.0000000Z,6.8021,7.783,6.3958,6.8034,119321.90197522,2205
2021-03-17T00:00:00.0000000Z,6.9052,6.9907,6.338,6.8268,49226.39923308,957
2021-03-18T00:00:00.0000000Z,6.83,6.8977,6.4794,6.7135,40614.35403257,753
2021-03-19T00:00:00.0000000Z,6.729,7.3717,6.5428,7.03,47088.98298103,978
2021-03-20T00:00:00.0000000Z,7.1247,7.8,7.021,7.0626,52438.73819009,874
2021-03-21T00:00:00.0000000Z,7.06,7.53,6.6691,7.2095,17844.3421397,480
2021-03-22T00:00:00.0000000Z,7.21,7.7139,6.7194,6.774,25267.64512267,594
2021-03-23T00:00:00.0000000Z,6.75,6.9391,6.2327,6.4541,29135.14180897,506
2021-03-24T00:00:00.0000000Z,6.458,10.0,6.22,8.2091,162080.29893989,3006
2021-03-25T00:00:00.0000000Z,8.2573,14.0,8.08,10.135,389663.95567943,6792
2021-03-26T00:00:00.0000000Z,10.25,13.45,9.6026,9.9,137288.62847521,2628
2021-03-27T00:00:00.0000000Z,9.9146,10.6455,9.2877,10.0502,91813.36372605,1433
2021-03-28T00:00:00.0000000Z,10.0128,10.1819,9.1274,9.2753,37767.45914392,888
2021-03-29T00:00:00.0000000Z,9.2612,9.8853,9.0547,9.3271,52865.27895547,845
2021-03-30T00:00:00.0000000Z,9.3256,14.0,9.3256,11.794,268755.57159005,4687
2021-03-31T00:00:00.0000000Z,11.7649,11.87,10.5482,10.8508,110549.43890964,2029
2021-04-01T00:00:00.0000000Z,10.838,12.604,10.5001,11.8206,130240.28830878,2217
2021-04-02T00:00:00.0000000Z,11.7975,13.6,11.4103,11.6904,103671.8979107,1766
2021-04-03T00:00:00.0000000Z,11.724,12.405,10.6111,10.689,65589.83281621,1130
2021-04-04T00:00:00.0000000Z,10.689,11.8607,10.522,11.3751,24388.76660453,757
2021-04-05T00:00:00.0000000Z,11.3485,13.282,11.3219,13.0527,59831.13747474,1597
2021-04-06T00:00:00.0000000Z,13.1037,14.6998,12.2939,12.5114,101620.74101096,2255
2021-04-07T00:00:00.0000000Z,12.6097,12.85,10.4805,11.11,133523.88438323,1855
2021-04-08T00:00:00.0000000Z,11.0913,12.3369,8.0,12.0878,60195.49901836,1191
2021-04-09T00:00:00.0000000Z,12.1043,12.9597,11.6085,12.2024,37665.20939674,1049
2021-04-10T00:00:00.0000000Z,12.2155,12.2551,11.873,11.9386,1717.58593536,56
2021-04-11T00:00:00.0000000Z,11.6458,11.6458,10.8585,11.2698,23496.240567,644
2021-04-12T00:00:00.0000000Z,11.2131,12.0,10.2486,10.532,53264.25708393,996
2021-04-13T00:00:00.0000000Z,10.5971,11.2892,10.1981,11.0323,64474.95511032,917
2021-04-14T00:00:00.0000000Z,11.0179,11.1494,10.0,10.4155,91669.53935265,1341
2021-04-15T00:00:00.0000000Z,10.4735,11.1401,10.2939,10.8865,74190.76742781,1087
2021-04-16T00:00:00.0000000Z,11.2039,11.2151,10.0,10.2879,117816.83097277,1542
2021-04-17T00:00:00.0000000Z,10.3944,10.8995,10.2,10.3601,88393.60352133,1252
2021-04-19T00:00:00.0000000Z,8.9164,10.6579,7.7867,8.0469,101385.02420975,1435
2021-04-20T00:00:00.0000000Z,8.05,8.99,7.3598,8.1517,113017.91305869,1672
2021-04-21T00:00:00.0000000Z,8.4,9.6137,8.1807,8.6243,50561.61236326,1062
2021-04-22T00:00:00.0000000Z,8.6652,10.0,7.7714,8.2524,150479.10578659,1923
2021-04-23T00:00:00.0000000Z,8.192,8.4561,7.0017,8.0502,72318.12021185,1211
2021-04-24T00:00:00.0000000Z,8.142,8.142,7.8558,7.8558,1102.68955716,22
2021-04-25T00:00:00.0000000Z,7.5131,8.1148,7.3001,7.8157,27672.03917943,386
2021-04-26T00:00:00.0000000Z,7.9989,8.6862,7.9989,8.6059,23349.72374153,526
2021-04-27T00:00:00.0000000Z,8.6114,9.228,8.546,8.9225,24518.69375009,581
2021-04-28T00:00:00.0000000Z,9.0029,9.4288,8.5005,9.2767,21320.84892844,473
2021-04-29T00:00:00.0000000Z,9.3129,10.0,8.7522,9.95,33916.43039037,978
2021-04-30T00:00:00.0000000Z,9.95,10.3699,9.6026,9.9626,37495.05980467,794
2021-05-01T00:00:00.0000000Z,9.8666,10.2139,9.6958,9.9486,32513.9267616,656
2021-05-02T00:00:00.0000000Z,9.8713,9.8713,9.2093,9.5104,28102.02478874,492
2021-05-03T00:00:00.0000000Z,9.5731,10.29,9.5731,9.9086,42881.14917462,651
2021-05-04T00:00:00.0000000Z,9.83,9.8344,8.5,8.6116,39982.37553218,746
2021-05-05T00:00:00.0000000Z,8.52,9.5799,8.5018,9.3175,33100.46371886,732
2021-05-06T00:00:00.0000000Z,9.3593,10.25,9.0566,9.8019,39552.36115536,983
2021-05-07T00:00:00.0000000Z,9.8049,12.75,9.7086,10.6261,211718.79631741,3521
2021-05-08T00:00:00.0000000Z,10.6591,12.5,9.8647,10.3175,63938.14063813,1300
2021-05-09T00:00:00.0000000Z,10.245,11.3087,9.7713,10.2081,55211.33346773,796
2021-05-10T00:00:00.0000000Z,10.1819,10.479,8.78,9.198,31655.19156789,885
2021-05-11T00:00:00.0000000Z,9.2106,10.1404,8.7002,9.7831,29331.79934751,766
2021-05-12T00:00:00.0000000Z,9.8,10.4676,8.2864,8.3069,76087.14229877,983
2021-05-13T00:00:00.0000000Z,8.3037,8.8525,7.8169,8.1569,82541.79750433,1089
2021-05-14T00:00:00.0000000Z,8.1595,8.795,8.1139,8.459,25737.11792801,598
2021-05-15T00:00:00.0000000Z,8.4913,8.8593,7.3711,7.6903,62888.10355705,811
2021-05-16T00:00:00.0000000Z,7.695,8.6454,7.1766,7.6968,73981.7746123,823
2021-05-17T00:00:00.0000000Z,7.7578,7.7578,6.6687,6.8506,37695.05968576,684
2021-05-18T00:00:00.0000000Z,6.9283,7.4472,6.8206,7.054,19880.06690214,461
2021-05-19T00:00:00.0000000Z,7.0582,7.1318,3.2924,4.519,112481.01558701,2293
2021-05-20T00:00:00.0000000Z,4.5124,5.3,3.9001,5.0054,62242.02995233,1311
2021-05-21T00:00:00.0000000Z,5.1211,5.4195,3.5413,4.1434,92863.37842079,1162
2021-05-22T00:00:00.0000000Z,4.2024,5.8,3.6109,3.9362,78054.1802416,732
2021-05-23T00:00:00.0000000Z,3.862,4.0381,2.7814,3.3651,96711.33004379,1697
2021-05-24T00:00:00.0000000Z,3.3609,4.073,3.2244,4.0589,62496.523724,808
2021-05-25T00:00:00.0000000Z,4.0741,4.5474,3.7339,4.3516,59750.51300133,898
2021-05-26T00:00:00.0000000Z,4.4686,5.7279,4.3283,5.3474,134182.91937234,1448
2021-05-27T00:00:00.0000000Z,5.3202,6.35,4.7336,4.8885,119829.98673376,910
2021-05-28T00:00:00.0000000Z,4.863,4.9328,3.9021,4.1198,128635.25191917,974
2021-05-29T00:00:00.0000000Z,4.1498,4.7123,3.7159,3.9882,103436.51321057,1297
2021-05-30T00:00:00.0000000Z,3.9536,4.4037,3.7532,4.1287,38969.80449455,585
2021-05-31T00:00:00.0000000Z,4.1325,5.7121,3.981,5.0081,72786.53699005,1171
2021-06-02T00:00:00.0000000Z,4.7659,5.0002,4.5977,4.8493,18723.1897946,352
2021-06-03T00:00:00.0000000Z,4.87,5.3,4.7317,5.0714,74478.45823592,561
2021-06-04T00:00:00.0000000Z,5.0714,5.1047,4.2912,4.4959,76074.14715848,567
2021-06-05T00:00:00.0000000Z,4.463,5.77,4.443,5.0088,206636.22149799,1185
2021-06-06T00:00:00.0000000Z,5.0005,6.77,4.7544,5.5571,292110.34542696,1707
2021-06-07T00:00:00.0000000Z,5.4956,5.5294,4.725,4.725,82168.77160808,587
2021-06-08T00:00:00.0000000Z,4.7794,4.8619,4.1563,4.6248,120433.58051766,683
2021-06-09T00:00:00.0000000Z,4.6156,4.7804,4.35,4.7092,158681.68777615,685
2021-06-10T00:00:00.0000000Z,4.7109,4.731,4.2756,4.312,150717.14243092,594
2021-06-11T00:00:00.0000000Z,4.314,4.5337,4.16,4.3915,188350.73737032,510
2021-06-12T00:00:00.0000000Z,4.3598,5.5097,3.8389,4.2624,319222.37412003,3401
2021-06-13T00:00:00.0000000Z,4.3045,4.4468,4.161,4.3929,88056.08922393,261
2021-06-14T00:00:00.0000000Z,4.435,4.7014,4.3868,4.7014,39923.25035886,279
2021-06-15T00:00:00.0000000Z,4.6898,4.951,4.5034,4.5929,74034.17844175,316
2021-06-16T00:00:00.0000000Z,4.5769,4.7639,4.4239,4.6396,49779.37505937,199
2021-06-17T00:00:00.0000000Z,4.6666,4.9749,4.3208,4.4403,29135.54547121,239
2021-06-18T00:00:00.0000000Z,4.4149,4.5499,4.0711,4.1509,29550.59717964,210
2021-06-19T00:00:00.0000000Z,4.1496,4.1888,3.997,4.0055,34946.31403559,144
2021-06-20T00:00:00.0000000Z,3.9908,4.1402,3.8534,4.1086,26236.35204202,123
2021-06-21T00:00:00.0000000Z,4.1052,4.1052,3.1691,3.1825,75499.97962696,414
2021-06-22T00:00:00.0000000Z,3.1214,3.6663,3.0457,3.4609,252876.80986314,891
2021-06-23T00:00:00.0000000Z,3.4203,3.7435,3.3611,3.521,92984.34347256,383
2021-06-24T00:00:00.0000000Z,3.5732,3.7646,3.4309,3.5411,111541.95399671,347
2021-06-25T00:00:00.0000000Z,3.6044,3.7381,3.2337,3.2838,96196.59411391,325
2021-06-26T00:00:00.0000000Z,3.2459,3.4255,3.1271,3.4137,39874.16968002,259
2021-06-27T00:00:00.0000000Z,3.4267,3.6999,3.3001,3.4894,39096.88917009,254
2021-06-28T00:00:00.0000000Z,3.5141,3.611,3.3491,3.5127,21815.71459577,158
2021-06-29T00:00:00.0000000Z,3.5699,3.8923,3.5098,3.7365,34866.64236657,264
2021-06-30T00:00:00.0000000Z,3.6838,3.7348,3.4184,3.6984,17769.45601189,215
2021-07-01T00:00:00.0000000Z,3.6903,3.6903,3.3897,3.491,54053.04312537,341
2021-07-02T00:00:00.0000000Z,3.4879,3.8118,3.365,3.7073,33636.46614239,505
2021-07-03T00:00:00.0000000Z,3.6654,3.7638,3.5974,3.7048,16409.00149649,220
2021-07-04T00:00:00.0000000Z,3.6337,3.9135,3.6275,3.7657,26574.76671207,427
2021-07-05T00:00:00.0000000Z,3.7318,3.7318,3.5597,3.6263,22159.50791119,99
2021-07-06T00:00:00.0000000Z,3.6266,4.1576,3.6055,4.0241,43344.21598155,343
2021-07-07T00:00:00.0000000Z,4.0354,4.1491,3.9294,3.9355,43893.17847008,277
2021-07-08T00:00:00.0000000Z,3.9423,3.9497,3.615,3.6231,9569.17739416,127
2021-07-09T00:00:00.0000000Z,3.6117,3.7303,3.561,3.6951,7691.49035819,117
2021-07-10T00:00:00.0000000Z,3.6981,3.7343,3.5906,3.6325,4375.76696383,113
2021-07-11T00:00:00.0000000Z,3.6389,3.8893,3.6389,3.8206,26776.65678764,264
2021-07-12T00:00:00.0000000Z,3.8243,3.9071,3.5994,3.6308,11753.22350661,155
2021-07-13T00:00:00.0000000Z,3.6314,3.6465,3.4927,3.4927,13189.21192755,113
2021-07-14T00:00:00.0000000Z,3.4918,3.6592,3.3171,3.6266,17594.99318924,156
2021-07-15T00:00:00.0000000Z,3.656,3.6625,3.4088,3.4615,16297.32653082,236
2021-07-16T00:00:00.0000000Z,3.4644,3.5396,3.3852,3.3901,5644.96747905,94
2021-07-17T00:00:00.0000000Z,3.3372,3.5143,3.3348,3.4474,43652.06800863,242
2021-07-18T00:00:00.0000000Z,3.4416,3.6685,3.4416,3.4763,140092.08651967,441
2021-07-19T00:00:00.0000000Z,3.4651,3.6046,3.288,3.573,65543.57854382,372
2021-07-20T00:00:00.0000000Z,3.5649,3.5707,3.0262,3.1133,44812.89419136,225
2021-07-21T00:00:00.0000000Z,3.1123,3.3498,3.0961,3.2841,49701.11733468,249
2021-07-22T00:00:00.0000000Z,3.2855,3.3591,3.254,3.3541,11484.98972325,100
2021-07-23T00:00:00.0000000Z,3.3677,3.4174,3.1956,3.3578,13634.82469964,133
2021-07-24T00:00:00.0000000Z,3.362,3.6151,3.3436,3.5315,32275.17289573,211
2021-07-25T00:00:00.0000000Z,3.5355,3.6724,3.4412,3.6724,36918.42277914,250
2021-07-26T00:00:00.0000000Z,3.6998,3.85,3.6095,3.6484,41012.0106285,347
2021-07-28T00:00:00.0000000Z,4.2064,4.4041,3.9326,3.9652,38439.98529986,357
2021-07-29T00:00:00.0000000Z,3.9668,4.0398,3.8892,4.0087,7964.73996371,141
2021-07-30T00:00:00.0000000Z,4.0035,4.1127,3.833,4.0022,16066.06740505,251
2021-07-31T00:00:00.0000000Z,4.0165,4.1034,3.9056,4.0232,16951.51561633,279
2021-08-01T00:00:00.0000000Z,4.0198,4.1472,3.8371,3.8753,45761.54435231,359
2021-08-02T00:00:00.0000000Z,3.86,3.9172,3.7888,3.8483,25905.38532653,312
2021-08-03T00:00:00.0000000Z,3.8117,3.8375,3.6382,3.6972,16882.65566979,121
2021-08-04T00:00:00.0000000Z,3.7066,3.8471,3.6489,3.7965,15869.34311773,122
2021-08-05T00:00:00.0000000Z,3.7989,4.0964,3.6873,3.9329,30336.43300159,378
2021-08-06T00:00:00.0000000Z,3.9272,4.1642,3.86,4.1383,62815.52612098,325
2021-08-07T00:00:00.0000000Z,4.1335,4.5847,4.1324,4.4295,33155.13612709,422
2021-08-08T00:00:00.0000000Z,4.4178,4.6311,4.2474,4.3257,15193.14033834,295
2021-08-09T00:00:00.0000000Z,4.343,4.835,4.2353,4.5938,35574.74096679,374
2021-08-10T00:00:00.0000000Z,4.5822,4.6145,4.4524,4.5739,11572.13115749,126
2021-08-11T00:00:00.0000000Z,4.592,4.905,4.5612,4.7577,31009.55830388,474
2021-08-12T00:00:00.0000000Z,4.7695,4.9443,4.4338,4.5896,32675.57848728,242
2021-08-13T00:00:00.0000000Z,4.6055,5.0252,4.593,5.0252,85091.56393607,431
2021-08-14T00:00:00.0000000Z,5.0283,5.3343,4.8551,5.1666,31613.40444952,614
2021-08-15T00:00:00.0000000Z,5.1888,5.1888,4.8685,5.0729,30630.17694003,323
2021-08-16T00:00:00.0000000Z,5.0546,5.2584,4.9712,5.0123,75398.77586912,500
2021-08-17T00:00:00.0000000Z,4.9984,5.169,4.7001,4.7329,130355.8846877,619
2021-08-18T00:00:00.0000000Z,4.7539,4.8973,4.5667,4.6892,100341.39521942,405
2021-08-19T00:00:00.0000000Z,4.6815,4.8073,4.4614,4.8073,57919.83292498,453
2021-08-20T00:00:00.0000000Z,4.8044,5.206,4.8044,5.0798,73228.5467677,422
2021-08-21T00:00:00.0000000Z,5.1473,5.598,5.0745,5.4096,60219.51771614,506
2021-08-22T00:00:00.0000000Z,5.4086,5.4799,5.1409,5.3019,36441.34433176,258
2021-08-23T00:00:00.0000000Z,5.3176,5.5856,5.2807,5.4889,49953.47490307,298
2021-08-24T00:00:00.0000000Z,5.4958,5.5421,4.9407,4.9457,100656.51623448,402
2021-08-25T00:00:00.0000000Z,4.9463,5.181,4.7669,5.172,56577.44593467,286
2021-08-26T00:00:00.0000000Z,5.1625,5.1638,4.6091,4.6091,71678.85306397,298
2021-08-27T00:00:00.0000000Z,4.6253,4.9094,4.5294,4.8897,51650.12258469,273
2021-08-28T00:00:00.0000000Z,4.8615,4.9413,4.8008,4.8659,11165.22402814,111
2021-08-29T00:00:00.0000000Z,4.8964,4.9939,4.7551,4.9475,19268.27697818,129
2021-08-30T00:00:00.0000000Z,4.9744,4.9744,4.6567,4.6748,25061.82986294,154
2021-08-31T00:00:00.0000000Z,4.668,5.5414,4.6416,5.12,127105.74751775,516
2021-09-01T00:00:00.0000000Z,5.0987,5.4311,4.9701,5.2731,34932.0194289,313
2021-09-02T00:00:00.0000000Z,5.2936,8.723,5.2229,7.09,355195.4897936,2940
2021-09-03T00:00:00.0000000Z,7.0579,8.4567,6.7351,7.2702,238424.89093311,1952
2021-09-04T00:00:00.0000000Z,7.2619,7.3094,6.84,6.8796,64947.63284259,500
2021-09-05T00:00:00.0000000Z,6.8996,7.1657,6.7242,6.8723,40934.7344384,399
2021-09-06T00:00:00.0000000Z,6.8991,7.0645,6.5464,6.8547,59030.3576197,529
2021-09-07T00:00:00.0000000Z,6.8062,6.9719,5.2624,5.6933,220140.09385171,1113
2021-09-08T00:00:00.0000000Z,5.7409,5.9393,4.9617,5.4593,117945.15373764,528
2021-09-09T00:00:00.0000000Z,5.4665,6.312,5.4665,5.8656,159742.03152623,600
2021-09-10T00:00:00.0000000Z,5.8744,6.1578,5.321,5.4204,85689.78964983,329
2021-09-11T00:00:00.0000000Z,5.4384,5.7412,5.3901,5.4827,42586.26857877,217
2021-09-12T00:00:00.0000000Z,5.5287,6.3135,5.5261,6.0899,33057.13298887,246
2021-09-13T00:00:00.0000000Z,6.0481,6.0972,5.3749,5.5838,73504.68600024,299
2021-09-14T00:00:00.0000000Z,5.6042,6.07,5.5582,5.9678,43700.23770804,218
2021-09-15T00:00:00.0000000Z,6.01,6.5366,5.8976,6.1629,52870.45661041,356
2021-09-16T00:00:00.0000000Z,6.188,6.4601,5.8953,6.022,31697.74058933,277
2021-09-17T00:00:00.0000000Z,6.0088,6.0245,5.7415,5.8338,20846.1583416,150
2021-09-18T00:00:00.0000000Z,5.902,7.0225,5.8659,6.115,67531.38643034,453
2021-09-19T00:00:00.0000000Z,6.1648,7.0182,5.9211,5.9664,80897.72546574,734
2021-09-20T00:00:00.0000000Z,5.9515,5.9515,4.8968,4.9137,98113.95863268,590
2021-09-21T00:00:00.0000000Z,4.8873,5.0806,4.4963,4.5157,114560.70755602,485
2021-09-22T00:00:00.0000000Z,4.5344,5.1622,4.4372,5.1622,59419.59149424,252
2021-09-23T00:00:00.0000000Z,5.1911,5.3866,4.958,5.205,49866.2051709,187
2021-09-24T00:00:00.0000000Z,5.1973,5.2101,4.3279,4.7357,51423.74573976,250
2021-09-25T00:00:00.0000000Z,4.7618,5.0055,4.6248,4.765,45510.10211467,225
2021-09-26T00:00:00.0000000Z,4.7445,4.7445,4.161,4.5283,19804.52257634,157
2021-09-27T00:00:00.0000000Z,4.5028,4.8701,4.3932,4.4264,46304.79764331,220
2021-09-28T00:00:00.0000000Z,4.3013,4.454,4.0916,4.0916,47186.68881664,188
2021-09-29T00:00:00.0000000Z,4.1138,4.3194,4.1061,4.2197,30810.58784578,133
2021-09-30T00:00:00.0000000Z,4.2593,4.3589,4.1765,4.305,50533.08093251,185
