xtz_start_date,price_open,price_high,price_low,price_close,volume_traded,trades_count
2020-09-30T00:00:00.0000000Z,2.2341,2.235,2.1371,2.1984,421004.1728339,1173
2020-10-01T00:00:00.0000000Z,2.204,2.2972,2.1329,2.1934,563456.18508152,1595
2020-10-02T00:00:00.0000000Z,2.1838,2.208,2.0205,2.0862,746995.62788282,2059
2020-10-03T00:00:00.0000000Z,2.0841,2.1445,2.0726,2.1138,219179.55380288,747
2020-10-04T00:00:00.0000000Z,2.1128,2.1473,2.0955,2.1162,295704.74344453,899
2020-10-05T00:00:00.0000000Z,2.1219,2.1678,2.081,2.1431,395216.54452686,991
2020-10-06T00:00:00.0000000Z,2.1444,2.24,2.0411,2.0652,622164.09126742,1884
2020-10-07T00:00:00.0000000Z,2.0635,2.1247,2.0387,2.0659,323917.74470276,1207
2020-10-08T00:00:00.0000000Z,2.0688,2.1483,2.0048,2.1128,577381.46790245,1651
2020-10-09T00:00:00.0000000Z,2.1149,2.2399,2.0778,2.1972,516991.0137706,1856
2020-10-10T00:00:00.0000000Z,2.1995,2.2857,2.196,2.2081,493905.27057309,1453
2020-10-11T00:00:00.0000000Z,2.2053,2.3138,2.196,2.2511,441572.36145959,1181
2020-10-12T00:00:00.0000000Z,2.2525,2.3862,2.2312,2.3436,669035.52402132,1655
2020-10-13T00:00:00.0000000Z,2.345,2.4552,2.3208,2.404,836630.82337557,1721
2020-10-14T00:00:00.0000000Z,2.4019,2.4212,2.235,2.2748,591548.46584556,1576
2020-10-15T00:00:00.0000000Z,2.2735,2.3061,2.2169,2.2415,470696.73975834,1014
2020-10-16T00:00:00.0000000Z,2.2391,2.2747,2.153,2.1666,312232.74526977,924
2020-10-17T00:00:00.0000000Z,2.1642,2.2231,2.1565,2.1862,86592.73924252,422
2020-10-18T00:00:00.0000000Z,2.1827,2.2414,2.1827,2.2297,100887.12504398,421
2020-10-19T00:00:00.0000000Z,2.232,2.25,2.1787,2.1871,379753.30231007,1352
2020-10-20T00:00:00.0000000Z,2.1878,2.1926,2.0454,2.0567,535823.9029628,1903
2020-10-21T00:00:00.0000000Z,2.043,2.1822,2.0409,2.1266,766986.34220507,1906
2020-10-22T00:00:00.0000000Z,2.1319,2.2442,2.1319,2.1943,617522.81578664,1831
2020-10-23T00:00:00.0000000Z,2.1886,2.2691,2.1651,2.2184,623346.32153405,1270
2020-10-24T00:00:00.0000000Z,2.2236,2.243,2.1967,2.2196,324810.51561016,743
2020-10-25T00:00:00.0000000Z,2.2212,2.2466,2.1589,2.1666,356614.416986,1056
2020-10-26T00:00:00.0000000Z,2.1596,2.1798,2.06,2.0939,418164.02033584,1379
2020-10-27T00:00:00.0000000Z,2.09,2.1312,2.0688,2.0845,231692.76363252,805
2020-10-28T00:00:00.0000000Z,2.0845,2.1133,1.9412,2.0061,639103.46868629,1900
2020-10-29T00:00:00.0000000Z,2.0026,2.051,1.9,1.9283,422321.30358906,1363
2020-10-30T00:00:00.0000000Z,1.9217,1.9626,1.7961,1.9051,609907.56934645,1678
2020-10-31T00:00:00.0000000Z,1.9025,2.0236,1.8978,1.9821,389936.51657393,1138
2020-11-01T00:00:00.0000000Z,1.9687,2.01,1.9347,1.9971,238926.62874217,884
2020-11-02T00:00:00.0000000Z,1.9985,2.0707,1.885,1.9085,341106.1519585,1032
2020-11-03T00:00:00.0000000Z,1.8934,1.9146,1.81,1.8699,567832.79622704,1474
2020-11-04T00:00:00.0000000Z,1.8654,1.9094,1.7873,1.8738,399250.94951304,1207
2020-11-05T00:00:00.0000000Z,1.8845,1.9706,1.8219,1.8824,893118.27675257,2152
2020-11-06T00:00:00.0000000Z,1.8872,2.1,1.8801,2.0912,672642.54876118,2431
2020-11-07T00:00:00.0000000Z,2.0961,2.2192,1.9508,2.0187,999737.11760839,3197
2020-11-08T00:00:00.0000000Z,2.0157,2.1569,1.9801,2.0909,1731219.23416945,2632
2020-11-09T00:00:00.0000000Z,2.0903,2.1582,2.0265,2.1168,484004.09310659,1271
2020-11-10T00:00:00.0000000Z,2.12,2.1902,2.1,2.1554,406094.27065947,1274
2020-11-11T00:00:00.0000000Z,2.1542,2.1989,2.1138,2.1249,585871.37612639,1524
2020-11-12T00:00:00.0000000Z,2.1243,2.1539,2.0466,2.0723,533467.06380246,1510
2020-11-13T00:00:00.0000000Z,2.0763,2.1553,2.0678,2.15,429948.25116536,1121
2020-11-14T00:00:00.0000000Z,2.1549,2.1602,2.0562,2.1025,266076.40123121,768
2020-11-15T00:00:00.0000000Z,2.1006,2.1106,1.9843,2.0207,519131.12936601,1212
2020-11-16T00:00:00.0000000Z,2.0124,2.0995,1.998,2.0833,480258.29373767,1383
2020-11-17T00:00:00.0000000Z,2.08,2.1584,2.08,2.1483,574555.16186057,1509
2020-11-18T00:00:00.0000000Z,2.1475,2.1876,2.0135,2.0888,690486.87301054,1813
2020-11-19T00:00:00.0000000Z,2.0864,2.1381,2.0235,2.0766,620325.64524538,2268
2020-11-20T00:00:00.0000000Z,2.0767,2.149,2.0652,2.1047,1322528.16009631,3453
2020-11-21T00:00:00.0000000Z,2.1141,2.4004,2.0556,2.4004,1661997.67558908,4004
2020-11-22T00:00:00.0000000Z,2.3996,2.4384,2.1529,2.27,1329891.31655186,3548
2020-11-23T00:00:00.0000000Z,2.2862,2.6631,2.2774,2.621,2262483.71449962,5643
2020-11-24T00:00:00.0000000Z,2.6266,2.8297,2.4936,2.6697,2870598.59943523,7100
2020-11-25T00:00:00.0000000Z,2.6786,2.9674,2.4837,2.6007,2138102.78139825,5431
2020-11-26T00:00:00.0000000Z,2.5905,2.6587,2.1061,2.241,2785706.3215474,7948
2020-11-27T00:00:00.0000000Z,2.2457,2.3357,2.159,2.2486,756157.76231818,2256
2020-11-28T00:00:00.0000000Z,2.2522,2.4314,2.2086,2.3266,951761.82898703,2005
2020-11-29T00:00:00.0000000Z,2.3205,2.4411,2.28,2.3643,520976.22309231,1291
2020-11-30T00:00:00.0000000Z,2.3727,2.5454,2.3357,2.4867,805148.025738,1900
2020-12-01T00:00:00.0000000Z,2.4925,2.5514,2.2251,2.3324,933660.41838995,3165
2020-12-02T00:00:00.0000000Z,2.3241,2.4126,2.2937,2.389,275268.28626302,742
2020-12-03T00:00:00.0000000Z,2.396,2.4493,2.3787,2.4064,255020.19218776,797
2020-12-04T00:00:00.0000000Z,2.4042,2.4318,2.2254,2.2867,557013.19147521,1601
2020-12-05T00:00:00.0000000Z,2.2747,2.3326,2.2426,2.3217,251300.82887763,719
2020-12-06T00:00:00.0000000Z,2.3243,2.3398,2.259,2.3175,128442.80122163,458
2020-12-07T00:00:00.0000000Z,2.3236,2.3236,2.2284,2.2766,272092.87500795,634
2020-12-08T00:00:00.0000000Z,2.2766,2.3579,2.1023,2.1498,606748.70918651,2235
2020-12-09T00:00:00.0000000Z,2.15,2.2006,2.04,2.1701,585981.97331799,1332
2020-12-10T00:00:00.0000000Z,2.1802,2.1802,2.08,2.1047,262277.97663689,576
2020-12-11T00:00:00.0000000Z,2.1096,2.1128,2.0464,2.0803,220131.55084279,787
2020-12-12T00:00:00.0000000Z,2.0779,2.158,2.074,2.1334,256070.06677683,601
2020-12-13T00:00:00.0000000Z,2.1358,2.268,2.1275,2.2215,847482.61601443,1382
2020-12-14T00:00:00.0000000Z,2.231,2.2643,2.1792,2.2237,175012.42097905,551
2020-12-15T00:00:00.0000000Z,2.2272,2.26,2.1834,2.2346,284768.96474144,672
2020-12-16T00:00:00.0000000Z,2.225,2.3749,2.2037,2.374,425455.02406611,1402
2020-12-17T00:00:00.0000000Z,2.375,2.4366,2.2768,2.2978,901174.94559041,2403
2020-12-18T00:00:00.0000000Z,2.2989,2.3275,2.261,2.3259,59423.38979119,246
2020-12-19T00:00:00.0000000Z,2.3295,2.392,2.303,2.3325,205373.98295237,690
2020-12-20T00:00:00.0000000Z,2.329,2.3549,2.2412,2.2703,311591.95540027,879
2020-12-21T00:00:00.0000000Z,2.2688,2.3088,2.1228,2.1869,547377.67151548,1734
2020-12-22T00:00:00.0000000Z,2.18,2.1953,2.0785,2.1837,336262.88469251,868
2020-12-23T00:00:00.0000000Z,2.19,2.196,1.578,1.8229,1236141.16241413,3279
2020-12-24T00:00:00.0000000Z,1.8218,2.0812,1.7865,2.0603,811817.2421267,1704
2020-12-25T00:00:00.0000000Z,2.0676,2.1145,1.9801,2.0258,456136.89467458,856
2020-12-26T00:00:00.0000000Z,2.0158,2.04,1.923,1.9769,510519.83433684,1048
2020-12-27T00:00:00.0000000Z,1.9809,2.1419,1.8743,1.9955,1004150.08957864,2148
2020-12-28T00:00:00.0000000Z,2.006,2.2351,1.9844,2.1209,665071.60181355,2103
2020-12-29T00:00:00.0000000Z,2.1195,2.1711,1.9792,2.0395,678732.17415867,1910
2020-12-30T00:00:00.0000000Z,2.0425,2.0741,1.96,1.9886,765212.47034364,1454
2020-12-31T00:00:00.0000000Z,1.9925,2.0241,1.9402,2.0154,405622.66780705,1224
2021-01-01T00:00:00.0000000Z,2.0065,2.1287,1.9786,2.0081,652117.60358425,1514
2021-01-02T00:00:00.0000000Z,2.0,2.0567,1.9467,1.9972,764890.96132513,2167
2021-01-03T00:00:00.0000000Z,2.0082,2.2289,1.9551,2.1318,2052356.65497848,4219
2021-01-04T00:00:00.0000000Z,2.1404,2.365,2.0126,2.333,1840227.35905267,5657
2021-01-05T00:00:00.0000000Z,2.333,2.4623,2.143,2.3776,1000968.08145548,3198
2021-01-06T00:00:00.0000000Z,2.3875,2.7417,2.3,2.6511,1240457.05186191,3919
2021-01-07T00:00:00.0000000Z,2.6527,2.7954,2.43,2.53,1211825.89638997,3586
2021-01-09T00:00:00.0000000Z,2.4632,2.6962,2.4198,2.6445,561463.14329162,2103
2021-01-10T00:00:00.0000000Z,2.6576,2.95,2.4002,2.7589,1753953.51292391,5320
2021-01-11T00:00:00.0000000Z,2.7601,2.7664,2.103,2.3312,1675542.98096476,5089
2021-01-12T00:00:00.0000000Z,2.3277,2.4491,2.1973,2.2798,658786.99640626,2596
2021-01-13T00:00:00.0000000Z,2.2952,2.5012,2.2304,2.5012,760534.36537245,1968
2021-01-14T00:00:00.0000000Z,2.5032,2.6138,2.404,2.55,862181.44859732,1987
2021-01-15T00:00:00.0000000Z,2.5485,2.9,2.4654,2.71,1777602.96183018,4480
2021-01-16T00:00:00.0000000Z,2.7069,3.1804,2.7,2.8607,2750000.40416112,6313
2021-01-17T00:00:00.0000000Z,2.8329,3.11,2.6896,2.9667,1081907.74703136,3063
2021-01-18T00:00:00.0000000Z,2.9745,3.1129,2.8476,3.0267,664384.80916698,1959
2021-01-19T00:00:00.0000000Z,3.0366,3.215,2.878,2.8797,1144029.16990468,3003
2021-01-20T00:00:00.0000000Z,2.8759,2.947,2.6426,2.9133,1004766.63401102,2454
2021-01-21T00:00:00.0000000Z,2.9262,2.9308,2.4257,2.4536,864519.10575199,2562
2021-01-22T00:00:00.0000000Z,2.4557,3.116,2.3019,2.9135,1989953.07466515,5265
2021-01-23T00:00:00.0000000Z,2.91,3.3969,2.8147,3.169,2722550.86821903,6040
2021-01-24T00:00:00.0000000Z,3.1614,3.2926,2.9171,3.0439,774400.3864241,2776
2021-01-25T00:00:00.0000000Z,3.0452,3.1778,2.9017,2.9237,769456.47954748,2212
2021-01-26T00:00:00.0000000Z,2.9154,3.0092,2.7588,2.9052,680923.64945223,1829
2021-01-27T00:00:00.0000000Z,2.903,2.9397,2.63,2.8019,1069298.90688603,2981
2021-01-28T00:00:00.0000000Z,2.792,3.0848,2.7273,3.0032,1311356.70449823,2976
2021-01-29T00:00:00.0000000Z,3.0099,3.0594,2.82,2.9163,709180.62242909,2458
2021-01-30T00:00:00.0000000Z,2.9177,3.0206,2.81,2.8943,793564.5591151,2029
2021-01-31T00:00:00.0000000Z,2.9101,2.9479,2.7345,2.8397,548383.32234061,1739
2021-02-01T00:00:00.0000000Z,2.8275,2.933,2.7607,2.92,458504.39458833,1675
2021-02-02T00:00:00.0000000Z,2.92,2.9772,2.8363,2.9099,551131.8748854,1622
2021-02-03T00:00:00.0000000Z,2.9195,3.18,2.8912,3.0502,898698.09477561,2836
2021-02-04T00:00:00.0000000Z,3.0538,3.1725,2.8566,2.9636,1315004.47636685,3718
2021-02-05T00:00:00.0000000Z,2.97,3.5189,2.9604,3.4758,2260468.37282301,5860
2021-02-06T00:00:00.0000000Z,3.4759,3.5128,3.0936,3.175,1150392.26426741,3366
2021-02-07T00:00:00.0000000Z,3.1779,3.46,3.0623,3.3136,975541.34854509,3847
2021-02-08T00:00:00.0000000Z,3.3078,3.4359,3.2405,3.4098,1047213.07052391,2720
2021-02-09T00:00:00.0000000Z,3.4223,3.8773,3.1936,3.7706,2319348.68069671,5968
2021-02-10T00:00:00.0000000Z,3.7942,3.9,3.46,3.8468,1578071.22510316,4689
2021-02-11T00:00:00.0000000Z,3.8452,4.3172,3.8073,4.1134,2050057.89584025,6226
2021-02-12T00:00:00.0000000Z,4.1248,5.4324,4.0147,5.0118,3446699.80050751,10085
2021-02-13T00:00:00.0000000Z,5.0201,5.5,4.6,5.3736,2150281.83423231,5925
2021-02-14T00:00:00.0000000Z,5.3774,5.64,4.7203,4.8611,1506726.37377099,4453
2021-02-15T00:00:00.0000000Z,4.8732,4.9616,3.8204,4.543,2238315.98140016,6505
2021-02-16T00:00:00.0000000Z,4.5401,4.8842,4.2985,4.5478,822485.04303194,2993
2021-02-17T00:00:00.0000000Z,4.5509,4.7653,4.1911,4.6102,728989.1868379,2438
2021-02-18T00:00:00.0000000Z,4.626,4.9942,4.5007,4.8366,1003882.59894951,3245
2021-02-19T00:00:00.0000000Z,4.8593,5.1009,4.5789,4.9725,1068784.43753935,3383
2021-02-20T00:00:00.0000000Z,4.99,5.1435,4.3403,4.6516,1319500.86965447,4883
2021-02-21T00:00:00.0000000Z,4.6417,4.8047,4.5155,4.673,440904.24770343,2141
2021-02-22T00:00:00.0000000Z,4.6564,4.6564,3.38,4.2873,2917623.38777629,6440
2021-02-23T00:00:00.0000000Z,4.2761,4.29,2.9303,3.55,3012606.47337496,8189
2021-02-24T00:00:00.0000000Z,3.5011,3.8978,3.3628,3.5287,698451.11004776,3111
2021-02-25T00:00:00.0000000Z,3.5353,3.8346,3.3,3.3326,706198.43812548,2322
2021-02-26T00:00:00.0000000Z,3.3338,3.795,3.1796,3.4563,967426.98312441,2668
2021-02-27T00:00:00.0000000Z,3.4691,3.8569,3.4691,3.6451,633443.07952369,2043
2021-02-28T00:00:00.0000000Z,3.663,3.6733,3.19,3.4031,928777.0147981,1994
2021-03-01T00:00:00.0000000Z,3.4559,3.685,3.4032,3.635,730010.11536023,1596
2021-03-02T00:00:00.0000000Z,3.6441,3.8006,3.497,3.6819,765732.28540509,2816
2021-03-03T00:00:00.0000000Z,3.6901,3.9998,3.671,3.8545,660186.53629143,2589
2021-03-04T00:00:00.0000000Z,3.8312,3.9708,3.5639,3.6645,475908.59616237,1899
2021-03-05T00:00:00.0000000Z,3.6282,3.8611,3.4441,3.76,838166.46360938,2342
2021-03-06T00:00:00.0000000Z,3.7842,4.011,3.7212,3.8763,660136.96041372,1831
2021-03-07T00:00:00.0000000Z,3.878,4.208,3.83,4.1952,764351.70771532,2332
2021-03-08T00:00:00.0000000Z,4.1982,4.4852,4.0662,4.3932,933219.70166911,3174
2021-03-09T00:00:00.0000000Z,4.4001,4.5877,4.3394,4.4716,500688.13586991,2165
2021-03-10T00:00:00.0000000Z,4.4743,4.4816,4.0636,4.1477,688404.21579213,2226
2021-03-11T00:00:00.0000000Z,4.1598,4.1881,3.9493,4.1212,506008.42275375,1556
2021-03-12T00:00:00.0000000Z,4.1258,4.1376,3.8205,3.9754,456190.4804824,1801
2021-03-13T00:00:00.0000000Z,3.96,4.23,3.8051,4.1646,425845.77840705,1876
2021-03-14T00:00:00.0000000Z,4.1679,4.1875,3.9248,3.9248,233048.38409887,1038
2021-03-15T00:00:00.0000000Z,3.9261,4.0537,3.739,3.8311,471188.45574401,1787
2021-03-16T00:00:00.0000000Z,3.8346,4.0442,3.692,4.0421,495137.57600994,1771
2021-03-17T00:00:00.0000000Z,4.0425,4.45,3.8444,4.4063,860365.61768843,3203
2021-03-18T00:00:00.0000000Z,4.413,4.5793,4.2299,4.2631,789097.26978471,3131
2021-03-19T00:00:00.0000000Z,4.2546,4.3482,4.116,4.2248,497204.36116162,1774
2021-03-20T00:00:00.0000000Z,4.2135,4.6069,4.2093,4.3608,792824.27648814,2986
2021-03-21T00:00:00.0000000Z,4.34,4.4188,4.05,4.1754,222968.01902145,1203
2021-03-22T00:00:00.0000000Z,4.1576,4.4175,4.0266,4.1032,376304.66604178,1761
2021-03-23T00:00:00.0000000Z,4.0548,4.2349,3.9545,4.1326,416272.76578259,1689
2021-03-24T00:00:00.0000000Z,4.1396,4.5199,3.8593,3.9953,527675.9848356,2794
2021-03-25T00:00:00.0000000Z,3.988,4.0679,3.7598,3.9308,490139.0439853,1810
2021-03-26T00:00:00.0000000Z,3.9491,4.2,3.9409,4.2,289568.29201508,1219
2021-03-27T00:00:00.0000000Z,4.2033,4.2219,4.0256,4.1039,227624.01475526,888
2021-03-28T00:00:00.0000000Z,4.104,4.3191,4.075,4.2256,320714.00424661,1191
2021-03-29T00:00:00.0000000Z,4.2212,4.6263,4.182,4.5912,768397.02496225,2792
2021-03-30T00:00:00.0000000Z,4.593,4.7884,4.5506,4.5582,701995.44829765,2566
2021-03-31T00:00:00.0000000Z,4.5705,4.8816,4.2265,4.8299,551749.28621602,2531
2021-04-01T00:00:00.0000000Z,4.8574,5.3496,4.7462,5.124,1199902.45177493,5353
2021-04-02T00:00:00.0000000Z,5.1366,5.37,4.25,5.2894,708654.92334246,3244
2021-04-03T00:00:00.0000000Z,5.3106,5.4013,4.7432,4.7633,647207.54407997,2990
2021-04-04T00:00:00.0000000Z,4.7516,5.1965,4.68,5.1287,280383.68517526,1497
2021-04-05T00:00:00.0000000Z,5.1512,6.45,4.974,6.1,1552199.60947645,8034
2021-04-06T00:00:00.0000000Z,6.1,6.7997,5.8505,6.1488,1341065.1368322,7570
2021-04-07T00:00:00.0000000Z,6.1613,6.4698,5.3765,5.528,1047806.80939656,5964
2021-04-08T00:00:00.0000000Z,5.5283,6.2351,5.4746,6.1571,477096.06691796,2980
2021-04-09T00:00:00.0000000Z,6.167,6.8914,6.0114,6.8324,744856.93554136,4377
2021-04-10T00:00:00.0000000Z,6.8127,7.2,6.2398,6.5557,909987.42500961,5335
2021-04-11T00:00:00.0000000Z,6.5589,6.6846,6.2901,6.4417,449244.0923968,2415
2021-04-12T00:00:00.0000000Z,6.4444,6.5,6.0865,6.2818,355653.25136103,2448
2021-04-13T00:00:00.0000000Z,6.2802,6.6745,6.1051,6.5507,449212.23396261,2985
2021-04-14T00:00:00.0000000Z,6.5535,6.9069,6.1738,6.48,832957.35354287,4056
2021-04-15T00:00:00.0000000Z,6.5927,6.9295,6.3777,6.769,485962.11958369,2866
2021-04-16T00:00:00.0000000Z,6.8181,7.475,6.5529,7.2048,1623881.00260485,8012
2021-04-17T00:00:00.0000000Z,7.2049,7.68,6.2,7.067,742552.74370779,4203
2021-04-19T00:00:00.0000000Z,6.1962,6.4317,5.3479,5.4614,752705.39034402,3906
2021-04-20T00:00:00.0000000Z,5.4432,5.6042,4.9531,5.5478,1480850.67556694,3935
2021-04-21T00:00:00.0000000Z,5.72,5.8387,5.3151,5.339,723843.07833083,2852
2021-04-22T00:00:00.0000000Z,5.3268,5.7555,4.87,4.9234,1137397.30075912,4393
2021-04-23T00:00:00.0000000Z,4.9234,5.069,4.0132,4.6409,1311506.19079553,5422
2021-04-24T00:00:00.0000000Z,4.8268,4.8268,4.6829,4.6829,4416.13284335,40
2021-04-25T00:00:00.0000000Z,4.452,4.7936,4.2264,4.4393,625747.88981604,2167
2021-04-26T00:00:00.0000000Z,4.4566,5.359,4.4238,5.2352,715837.57518287,3049
2021-04-27T00:00:00.0000000Z,5.236,5.49,5.151,5.4361,559931.31570277,2382
2021-04-28T00:00:00.0000000Z,5.4461,5.5499,5.0717,5.2472,415164.55012901,2025
2021-04-29T00:00:00.0000000Z,5.2546,5.4346,5.1043,5.2475,307326.92363942,1634
2021-04-30T00:00:00.0000000Z,5.2454,5.7057,5.1382,5.6158,574758.5781886,2328
2021-05-01T00:00:00.0000000Z,5.6109,5.9,5.4983,5.82,525232.25403317,2154
2021-05-02T00:00:00.0000000Z,5.82,5.8569,5.4549,5.6049,284227.44490953,1527
2021-05-03T00:00:00.0000000Z,5.6087,6.0999,5.6003,6.007,421295.07324423,2890
2021-05-04T00:00:00.0000000Z,6.0308,6.0597,5.434,5.4972,729537.60878006,3995
2021-05-05T00:00:00.0000000Z,5.4934,6.7868,5.4218,6.6044,1316755.50160664,5977
2021-05-06T00:00:00.0000000Z,6.6149,8.0596,6.4425,7.564,1887810.59184723,10160
2021-05-07T00:00:00.0000000Z,7.58,8.4054,6.7745,7.0908,1764383.84390469,8981
2021-05-08T00:00:00.0000000Z,7.0833,7.305,6.8168,6.9882,789489.27413684,3704
2021-05-09T00:00:00.0000000Z,6.9918,7.1617,6.504,7.1012,580885.4037922,3049
2021-05-10T00:00:00.0000000Z,7.139,7.5,5.95,6.2017,1130153.05882335,5144
2021-05-11T00:00:00.0000000Z,6.1846,7.261,5.93,7.1259,1151345.46440535,5101
2021-05-12T00:00:00.0000000Z,7.13,7.3351,5.87,5.9288,1101984.29511781,6117
2021-05-13T00:00:00.0000000Z,5.9221,6.4117,5.7302,6.13,1380815.29105696,5957
2021-05-14T00:00:00.0000000Z,6.1167,6.5191,6.0518,6.4768,631715.27088156,2849
2021-05-15T00:00:00.0000000Z,6.4741,6.5255,5.75,5.7832,724653.98470988,2819
2021-05-16T00:00:00.0000000Z,5.8159,6.2219,5.34,5.6827,983297.51734747,3793
2021-05-17T00:00:00.0000000Z,5.6201,5.6494,5.006,5.1682,1030277.03392707,4019
2021-05-18T00:00:00.0000000Z,5.1869,5.9585,5.1024,5.74,977554.69630582,4407
2021-05-19T00:00:00.0000000Z,5.75,5.8388,2.9,3.6204,4707312.25968432,17617
2021-05-20T00:00:00.0000000Z,3.6199,4.4808,3.17,4.2065,1680857.98839876,6931
2021-05-21T00:00:00.0000000Z,4.1885,4.3984,3.129,3.6803,1129827.39880903,5593
2021-05-22T00:00:00.0000000Z,3.6653,3.742,3.2272,3.4247,501282.87842127,2697
2021-05-23T00:00:00.0000000Z,3.4107,3.6002,2.4326,2.9367,1605732.72202171,7064
2021-05-24T00:00:00.0000000Z,2.9328,3.6181,2.8395,3.5388,1049659.49048314,4565
2021-05-25T00:00:00.0000000Z,3.5388,3.7584,3.2546,3.6646,966380.04934257,4450
2021-05-26T00:00:00.0000000Z,3.6692,3.9773,3.585,3.9301,793243.67441717,3048
2021-05-27T00:00:00.0000000Z,3.9313,4.1691,3.583,3.8724,503360.64786501,3019
2021-05-28T00:00:00.0000000Z,3.8581,3.9236,3.2578,3.3973,511406.70268463,3209
2021-05-29T00:00:00.0000000Z,3.3918,3.5665,3.036,3.1958,1178869.9222837,3366
2021-05-30T00:00:00.0000000Z,3.2076,3.45,3.0277,3.2713,306165.16582189,1761
2021-05-31T00:00:00.0000000Z,3.2697,3.61,3.1547,3.5981,517713.31011126,1779
2021-06-01T00:00:00.0000000Z,3.6029,3.6944,3.4376,3.665,619648.78435464,1963
2021-06-02T00:00:00.0000000Z,3.6666,3.869,3.5815,3.8109,304000.08842483,1514
2021-06-03T00:00:00.0000000Z,3.8013,3.9817,3.7287,3.8757,500586.82970995,1548
2021-06-04T00:00:00.0000000Z,3.8682,3.8999,3.3671,3.5676,434248.57971411,2085
2021-06-05T00:00:00.0000000Z,3.5436,3.6909,3.2707,3.4267,226514.44899627,1390
2021-06-06T00:00:00.0000000Z,3.4259,3.9014,3.4098,3.8336,554136.76519915,2001
2021-06-07T00:00:00.0000000Z,3.8458,4.1421,3.439,3.4836,1151567.16176907,4699
2021-06-08T00:00:00.0000000Z,3.477,3.581,3.0822,3.4502,1095476.42860605,4834
2021-06-09T00:00:00.0000000Z,3.433,3.5334,3.2315,3.5054,804141.47680911,3068
2021-06-10T00:00:00.0000000Z,3.5122,3.5467,3.2,3.2644,391705.94488841,1867
2021-06-11T00:00:00.0000000Z,3.2578,3.3699,3.0857,3.1322,294884.49300296,1516
2021-06-12T00:00:00.0000000Z,3.127,3.2249,2.9245,3.1318,378663.10538511,1765
2021-06-13T00:00:00.0000000Z,3.1459,3.3212,3.0061,3.2887,277179.12403844,1177
2021-06-14T00:00:00.0000000Z,3.3138,3.3572,3.1941,3.3477,166374.03556099,1184
2021-06-15T00:00:00.0000000Z,3.3527,3.3944,3.219,3.27,256701.13740667,993
2021-06-16T00:00:00.0000000Z,3.26,3.3276,3.0904,3.0995,174661.27089738,969
2021-06-17T00:00:00.0000000Z,3.1393,3.4313,3.1375,3.3683,436302.23735436,2116
2021-06-18T00:00:00.0000000Z,3.3683,3.3731,3.0,3.0898,465533.13671922,2004
2021-06-19T00:00:00.0000000Z,3.0824,3.1752,3.021,3.0336,244793.95633575,1129
2021-06-20T00:00:00.0000000Z,3.0286,3.1151,2.8779,3.0779,485260.1052194,1617
2021-06-21T00:00:00.0000000Z,3.0957,3.0957,2.48,2.4865,595809.69113376,2961
2021-06-22T00:00:00.0000000Z,2.4928,2.6587,2.12,2.3608,1039683.88728465,4032
2021-06-23T00:00:00.0000000Z,2.3753,2.7842,2.34,2.6813,356243.82656575,2513
2021-06-24T00:00:00.0000000Z,2.6884,2.8453,2.5705,2.8275,208423.49224746,1141
2021-06-25T00:00:00.0000000Z,2.8365,2.8782,2.4888,2.5241,399650.05886114,2030
2021-06-26T00:00:00.0000000Z,2.5211,2.6171,2.3878,2.5416,366360.7993268,1915
2021-06-27T00:00:00.0000000Z,2.5241,2.6251,2.4564,2.6206,234636.5843597,1044
2021-06-28T00:00:00.0000000Z,2.6241,2.7349,2.5641,2.6991,127665.26275977,805
2021-06-29T00:00:00.0000000Z,2.7037,2.9876,2.7029,2.9755,280602.35977273,1514
2021-06-30T00:00:00.0000000Z,2.9778,3.0445,2.7544,3.0445,582720.33275955,1859
2021-07-01T00:00:00.0000000Z,3.0456,3.0617,2.8421,2.9415,134946.91496701,1261
2021-07-02T00:00:00.0000000Z,2.9368,2.9788,2.75,2.9596,87229.44828323,873
2021-07-03T00:00:00.0000000Z,2.9657,3.0265,2.8812,3.0265,83099.671396,649
2021-07-04T00:00:00.0000000Z,3.0266,3.1092,2.9182,3.0436,120658.7992399,1092
2021-07-05T00:00:00.0000000Z,3.0314,3.0314,2.8,2.832,102664.85223682,861
2021-07-06T00:00:00.0000000Z,2.8544,2.9814,2.8097,2.8724,150543.12837773,1262
2021-07-07T00:00:00.0000000Z,2.8594,2.9643,2.821,2.8715,278386.00021764,1256
2021-07-08T00:00:00.0000000Z,2.8792,2.8944,2.621,2.6964,183678.48951416,1344
2021-07-09T00:00:00.0000000Z,2.6924,2.7935,2.5849,2.7544,353288.54765976,1321
2021-07-10T00:00:00.0000000Z,2.75,2.8358,2.6946,2.782,193709.49579223,986
2021-07-11T00:00:00.0000000Z,2.7751,2.8881,2.7372,2.8439,144891.82021056,908
2021-07-12T00:00:00.0000000Z,2.8425,2.9499,2.7648,2.8194,165176.75197993,1029
2021-07-13T00:00:00.0000000Z,2.8008,2.9155,2.7683,2.8008,260225.78620425,1282
2021-07-14T00:00:00.0000000Z,2.8086,2.8166,2.5412,2.7121,269075.70985306,1412
2021-07-15T00:00:00.0000000Z,2.7198,2.75,2.5245,2.5804,283438.36666166,1401
2021-07-16T00:00:00.0000000Z,2.5802,2.638,2.4067,2.4085,194742.7705234,1406
2021-07-17T00:00:00.0000000Z,2.4023,2.4791,2.3728,2.4052,223822.19235128,832
2021-07-18T00:00:00.0000000Z,2.4173,2.4921,2.3874,2.4297,265998.90251665,662
2021-07-19T00:00:00.0000000Z,2.4284,2.4481,2.2634,2.2838,287125.18036165,1267
2021-07-20T00:00:00.0000000Z,2.2859,2.3326,2.1036,2.1518,695196.98386701,1801
2021-07-21T00:00:00.0000000Z,2.1524,2.437,2.1052,2.3934,417240.64112961,1676
2021-07-22T00:00:00.0000000Z,2.3954,2.5055,2.3381,2.4917,171951.06058356,1050
2021-07-23T00:00:00.0000000Z,2.5687,2.6908,2.5133,2.6882,248857.54731468,1092
2021-07-24T00:00:00.0000000Z,2.6907,2.8175,2.6529,2.8175,271824.60795728,1224
2021-07-25T00:00:00.0000000Z,2.819,2.9066,2.7193,2.8806,195339.10806136,1079
2021-07-26T00:00:00.0000000Z,2.8938,3.1148,2.83,2.8476,658224.32283032,3216
2021-07-27T00:00:00.0000000Z,2.8347,2.9287,2.7427,2.8605,306591.40409218,1615
2021-07-28T00:00:00.0000000Z,2.8608,2.8975,2.7626,2.8078,314213.89448797,1308
2021-07-29T00:00:00.0000000Z,2.7929,2.866,2.7421,2.8447,135040.30207099,771
2021-07-30T00:00:00.0000000Z,2.8646,2.9691,2.7658,2.9691,237264.15449364,1418
2021-07-31T00:00:00.0000000Z,2.9691,3.1044,2.9212,3.0327,404911.41161006,1928
2021-08-01T00:00:00.0000000Z,3.0288,3.1808,2.9056,2.963,325343.28539329,2401
2021-08-02T00:00:00.0000000Z,2.9518,3.3069,2.8904,3.1298,495897.21830586,2574
2021-08-03T00:00:00.0000000Z,3.1298,3.2035,2.9782,3.0452,204983.75123779,1181
2021-08-04T00:00:00.0000000Z,3.04,3.1872,2.9956,3.1749,204810.41937401,1222
2021-08-05T00:00:00.0000000Z,3.1753,3.2709,3.0725,3.2244,500949.71556257,2433
2021-08-06T00:00:00.0000000Z,3.2253,3.36,3.1507,3.3568,416703.91310287,1964
2021-08-07T00:00:00.0000000Z,3.3481,3.5358,3.3086,3.4218,659963.00566844,3619
2021-08-08T00:00:00.0000000Z,3.4223,3.4889,3.163,3.186,515524.29262757,2661
2021-08-09T00:00:00.0000000Z,3.1842,3.3477,3.1079,3.2873,281232.60200185,2147
2021-08-10T00:00:00.0000000Z,3.2874,3.3485,3.1713,3.2595,462852.00023931,2092
2021-08-11T00:00:00.0000000Z,3.2708,3.5582,3.2663,3.4597,705127.02018453,3365
2021-08-12T00:00:00.0000000Z,3.446,3.6042,3.2237,3.3466,585134.30040134,3080
2021-08-13T00:00:00.0000000Z,3.3534,3.5951,3.3086,3.589,513653.38428729,2391
2021-08-14T00:00:00.0000000Z,3.5943,3.718,3.4727,3.7034,528999.23982283,3140
2021-08-15T00:00:00.0000000Z,3.7061,3.7597,3.5586,3.74,327987.89791147,1679
2021-08-16T00:00:00.0000000Z,3.7476,3.8926,3.614,3.6342,382573.30950454,2523
2021-08-17T00:00:00.0000000Z,3.6325,3.8026,3.38,3.4067,661835.41496937,2527
2021-08-18T00:00:00.0000000Z,3.4309,3.4673,3.2399,3.3453,616596.72445766,2520
2021-08-19T00:00:00.0000000Z,3.3461,3.6456,3.2931,3.64,719223.67661438,3482
2021-08-20T00:00:00.0000000Z,3.6401,3.7571,3.5875,3.7293,446439.78944912,1907
2021-08-21T00:00:00.0000000Z,3.7258,3.8312,3.621,3.6896,558542.83829559,2253
2021-08-22T00:00:00.0000000Z,3.6974,3.8813,3.675,3.8025,450111.1432336,1756
2021-08-23T00:00:00.0000000Z,3.8103,4.3499,3.7786,4.3126,1730908.64872989,9602
2021-08-24T00:00:00.0000000Z,4.3119,4.4668,3.878,3.9585,1717176.44569037,6844
2021-08-25T00:00:00.0000000Z,3.9654,5.4299,3.9654,5.1005,3371544.11166534,16179
2021-08-26T00:00:00.0000000Z,5.099,5.1059,4.312,4.4425,2450132.63299628,10970
2021-08-27T00:00:00.0000000Z,4.4385,5.5271,4.2505,5.242,2523123.26774917,11710
2021-08-28T00:00:00.0000000Z,5.2406,5.6948,5.0209,5.6259,1288639.58980179,6665
2021-08-29T00:00:00.0000000Z,5.6216,6.1245,5.4013,5.8954,2753809.99162209,13215
2021-08-30T00:00:00.0000000Z,5.8917,6.003,5.2814,5.3906,2490726.34649232,9924
2021-08-31T00:00:00.0000000Z,5.3772,5.5924,5.0117,5.1665,1046970.23483238,6023
2021-09-01T00:00:00.0000000Z,5.1542,5.5098,5.0132,5.424,921105.35306956,3641
2021-09-02T00:00:00.0000000Z,5.4384,5.4384,5.1981,5.2962,359518.23886774,3006
2021-09-03T00:00:00.0000000Z,5.294,5.4789,5.1232,5.3048,453001.40135779,3467
2021-09-04T00:00:00.0000000Z,5.3041,5.5939,5.2487,5.4043,574439.63204932,3283
2021-09-05T00:00:00.0000000Z,5.4015,5.5966,5.2702,5.5647,633192.13813488,3253
2021-09-06T00:00:00.0000000Z,5.5657,5.7683,5.4096,5.5784,766275.64775654,4094
2021-09-07T00:00:00.0000000Z,5.589,5.7117,3.709,4.4148,2241942.81963691,11126
2021-09-08T00:00:00.0000000Z,4.417,4.5076,3.9046,4.3305,1032975.43155981,4704
2021-09-09T00:00:00.0000000Z,4.3385,5.7,4.2641,5.5864,2856222.36692205,13224
2021-09-10T00:00:00.0000000Z,5.5848,6.8642,5.3033,6.1831,7421367.88231683,34630
2021-09-11T00:00:00.0000000Z,6.1916,6.9457,6.0453,6.0993,2830001.30694142,13477
2021-09-12T00:00:00.0000000Z,6.1206,7.2394,5.9116,7.0295,1881930.89759952,10352
2021-09-13T00:00:00.0000000Z,7.0351,7.8855,6.2931,7.1745,4992038.37613682,26247
2021-09-14T00:00:00.0000000Z,7.1917,8.02,6.844,7.1059,3185975.93272909,13530
2021-09-15T00:00:00.0000000Z,7.1182,7.6383,6.732,6.9089,2452183.29833503,10442
2021-09-16T00:00:00.0000000Z,6.9145,7.0439,6.4137,6.957,1656713.8399884,6544
2021-09-17T00:00:00.0000000Z,6.9478,6.9478,6.0548,6.115,1360691.0566763,5768
2021-09-18T00:00:00.0000000Z,6.107,6.7329,5.9152,6.4225,1397496.83492185,6206
2021-09-19T00:00:00.0000000Z,6.435,6.929,6.1183,6.5085,1546950.38275553,6742
2021-09-20T00:00:00.0000000Z,6.5145,6.5478,5.0638,5.2667,3438068.14295064,13377
2021-09-21T00:00:00.0000000Z,5.2868,5.5157,4.47,4.6827,3062871.33044166,10417
2021-09-22T00:00:00.0000000Z,4.6832,5.62,4.5178,5.5803,2479738.33457524,7978
2021-09-23T00:00:00.0000000Z,5.6075,6.6086,5.5113,6.2019,2673007.8016195,11039
2021-09-24T00:00:00.0000000Z,6.2153,7.4175,5.789,7.011,5836380.8918461,21653
2021-09-25T00:00:00.0000000Z,7.0169,7.5,6.7725,6.8344,4094875.00900635,12713
2021-09-26T00:00:00.0000000Z,6.8189,7.0786,6.4264,6.5128,1883675.5174564,7449
2021-09-27T00:00:00.0000000Z,6.5206,6.6645,6.0219,6.0423,1125464.09885208,4495
2021-09-28T00:00:00.0000000Z,6.0308,6.274,5.3972,5.4669,3073272.84509929,8764
2021-09-29T00:00:00.0000000Z,5.4625,6.0743,5.3433,5.6398,1764396.57862075,7161
2021-09-30T00:00:00.0000000Z,5.6289,6.0809,5.5989,6.0809,1075965.11365252,5943
