ethc_start_date,price_open,price_high,price_low,price_close,volume_traded,trades_count
2020-09-30T00:00:00.0000000Z,5.761,5.776,5.616,5.724,24291.48123233,449
2020-10-01T00:00:00.0000000Z,5.716,5.787,5.568,5.75,16222.87504621,321
2020-10-02T00:00:00.0000000Z,5.75,5.779,5.5,5.639,17608.11646037,304
2020-10-03T00:00:00.0000000Z,5.642,5.683,5.571,5.617,13284.31576137,268
2020-10-04T00:00:00.0000000Z,5.683,5.82,5.516,5.743,74223.58794911,729
2020-10-05T00:00:00.0000000Z,5.74,5.788,5.605,5.739,100121.67143711,921
2020-10-06T00:00:00.0000000Z,5.755,5.799,5.501,5.565,63414.01883931,495
2020-10-07T00:00:00.0000000Z,5.537,5.61,5.376,5.551,56000.46604761,465
2020-10-08T00:00:00.0000000Z,5.559,5.771,5.486,5.535,34607.23387712,665
2020-10-09T00:00:00.0000000Z,5.538,5.736,5.327,5.736,46257.73972,1035
2020-10-10T00:00:00.0000000Z,5.649,6.0,5.618,5.703,81532.06500856,1107
2020-10-11T00:00:00.0000000Z,5.728,5.899,5.67,5.751,77259.75193994,855
2020-10-12T00:00:00.0000000Z,5.734,5.8,5.683,5.784,36172.37304201,522
2020-10-13T00:00:00.0000000Z,5.783,5.783,5.66,5.66,11565.44278214,178
2020-10-14T00:00:00.0000000Z,5.662,5.737,5.651,5.717,2839.26907175,81
2020-10-15T00:00:00.0000000Z,5.721,5.75,5.456,5.622,26418.34846472,393
2020-10-16T00:00:00.0000000Z,5.598,5.633,5.5,5.566,8272.02719599,167
2020-10-17T00:00:00.0000000Z,5.583,5.647,5.511,5.542,711.95020433,56
2020-10-18T00:00:00.0000000Z,5.601,5.647,5.548,5.583,914.83827917,192
2020-10-19T00:00:00.0000000Z,5.595,5.636,5.476,5.554,6016.46964963,112
2020-10-20T00:00:00.0000000Z,5.563,5.586,5.36,5.472,12804.09857768,261
2020-10-21T00:00:00.0000000Z,5.427,5.723,5.412,5.642,14166.3630226,305
2020-10-22T00:00:00.0000000Z,5.619,6.057,5.542,5.831,42743.52087002,651
2020-10-23T00:00:00.0000000Z,5.876,6.0,5.65,5.827,18053.05174286,464
2020-10-24T00:00:00.0000000Z,5.767,5.846,5.721,5.828,1324.17141402,54
2020-10-25T00:00:00.0000000Z,5.81,5.83,5.682,5.696,4123.82131708,143
2020-10-26T00:00:00.0000000Z,5.747,5.784,5.589,5.608,8343.6496063,312
2020-10-27T00:00:00.0000000Z,5.608,5.79,5.502,5.577,5870.46766878,250
2020-10-28T00:00:00.0000000Z,5.649,5.699,5.47,5.502,14752.43613848,326
2020-10-29T00:00:00.0000000Z,5.529,6.0,5.363,5.406,22357.74194556,445
2020-10-30T00:00:00.0000000Z,5.408,5.438,5.21,5.268,18193.34633224,329
2020-10-31T00:00:00.0000000Z,5.247,5.322,5.242,5.26,5964.57561396,156
2020-11-01T00:00:00.0000000Z,5.299,5.299,5.218,5.241,2426.19592294,143
2020-11-02T00:00:00.0000000Z,5.282,5.287,4.947,5.004,10208.02179874,337
2020-11-03T00:00:00.0000000Z,5.004,5.031,4.74,4.888,20270.1966088,756
2020-11-04T00:00:00.0000000Z,4.894,4.972,4.713,4.891,6588.81647503,222
2020-11-05T00:00:00.0000000Z,4.895,5.127,4.805,5.109,13235.85789437,273
2020-11-06T00:00:00.0000000Z,5.089,5.449,5.089,5.404,16050.79334532,342
2020-11-07T00:00:00.0000000Z,5.422,5.567,4.951,5.122,13407.73082769,491
2020-11-08T00:00:00.0000000Z,5.103,5.261,5.103,5.187,3642.05571583,150
2020-11-09T00:00:00.0000000Z,5.188,5.238,4.924,5.017,9660.04267875,313
2020-11-10T00:00:00.0000000Z,5.045,5.189,5.038,5.136,3042.7672365,162
2020-11-11T00:00:00.0000000Z,5.165,5.212,5.066,5.077,7241.4089131,180
2020-11-12T00:00:00.0000000Z,5.054,5.131,4.979,5.006,12873.16758291,200
2020-11-13T00:00:00.0000000Z,5.045,5.15,5.02,5.14,4898.58619935,129
2020-11-14T00:00:00.0000000Z,5.105,5.163,5.0,5.033,2578.32041436,128
2020-11-15T00:00:00.0000000Z,5.041,5.066,4.942,5.028,1766.71314151,69
2020-11-16T00:00:00.0000000Z,5.001,5.446,5.001,5.385,21168.22436359,462
2020-11-17T00:00:00.0000000Z,5.399,5.946,5.399,5.748,40508.58226769,988
2020-11-18T00:00:00.0000000Z,5.808,6.3,5.278,6.074,108873.43148628,2317
2020-11-19T00:00:00.0000000Z,6.073,6.153,5.734,5.918,16299.35580053,765
2020-11-20T00:00:00.0000000Z,5.958,6.114,5.81,6.082,25867.09963425,621
2020-11-21T00:00:00.0000000Z,6.082,6.583,5.814,6.56,44997.71723107,1404
2020-11-22T00:00:00.0000000Z,6.589,6.7,5.684,6.025,281115.32971505,2937
2020-11-23T00:00:00.0000000Z,6.06,6.583,5.885,6.583,41035.9301814,1293
2020-11-24T00:00:00.0000000Z,6.576,7.48,6.477,7.284,91652.74824776,3278
2020-11-25T00:00:00.0000000Z,7.309,7.956,6.61,6.981,75782.68171136,3299
2020-11-26T00:00:00.0000000Z,6.933,7.12,5.602,6.128,95954.8543166,3656
2020-11-27T00:00:00.0000000Z,6.13,6.452,5.934,6.219,28303.93054087,1160
2020-11-28T00:00:00.0000000Z,6.189,6.648,6.1,6.331,36763.13103417,990
2020-11-29T00:00:00.0000000Z,6.328,6.438,6.183,6.391,18882.80552845,571
2020-11-30T00:00:00.0000000Z,6.396,6.786,6.303,6.719,18271.26169448,983
2020-12-01T00:00:00.0000000Z,6.727,6.99,6.017,6.184,39541.0607723,1151
2020-12-02T00:00:00.0000000Z,6.15,6.362,6.025,6.236,13382.87240253,676
2020-12-03T00:00:00.0000000Z,6.246,6.59,6.205,6.572,23719.73035652,785
2020-12-04T00:00:00.0000000Z,6.567,6.567,5.91,6.035,13180.52386451,665
2020-12-05T00:00:00.0000000Z,5.97,6.193,5.893,6.178,11765.96799612,598
2020-12-06T00:00:00.0000000Z,6.201,6.274,6.041,6.18,3879.54153518,278
2020-12-07T00:00:00.0000000Z,6.168,6.21,6.087,6.148,3694.66475441,314
2020-12-08T00:00:00.0000000Z,6.131,6.138,5.7,5.775,30971.90968004,907
2020-12-09T00:00:00.0000000Z,5.775,6.22,5.629,6.059,45441.2963605,1561
2020-12-10T00:00:00.0000000Z,6.062,6.112,5.806,5.913,8649.26913349,349
2020-12-11T00:00:00.0000000Z,5.863,5.953,5.579,5.789,6136.35760416,473
2020-12-12T00:00:00.0000000Z,5.776,6.036,5.776,5.972,9898.98541413,433
2020-12-13T00:00:00.0000000Z,5.971,6.24,5.918,6.104,18170.28393432,609
2020-12-14T00:00:00.0000000Z,6.105,6.141,5.944,6.028,5174.42416354,529
2020-12-15T00:00:00.0000000Z,6.023,6.129,5.86,6.071,43734.30921759,594
2020-12-16T00:00:00.0000000Z,6.036,6.452,5.94,6.452,19218.72477517,774
2020-12-17T00:00:00.0000000Z,6.457,6.856,6.331,6.498,26645.45005133,1659
2020-12-18T00:00:00.0000000Z,6.448,6.448,6.301,6.381,3368.79558396,202
2020-12-19T00:00:00.0000000Z,6.408,6.561,6.38,6.443,6949.89608025,460
2020-12-20T00:00:00.0000000Z,6.437,6.816,6.257,6.505,15539.31482015,1148
2020-12-21T00:00:00.0000000Z,6.46,6.954,6.052,6.133,66035.59525915,1529
2020-12-22T00:00:00.0000000Z,6.121,6.191,5.777,6.122,23426.06627399,826
2020-12-23T00:00:00.0000000Z,6.09,6.191,4.774,5.108,64880.59371286,1645
2020-12-24T00:00:00.0000000Z,5.086,5.624,5.045,5.597,29437.02809486,1198
2020-12-25T00:00:00.0000000Z,5.619,5.859,5.502,5.776,38680.27004946,983
2020-12-26T00:00:00.0000000Z,5.76,5.87,5.586,5.827,27432.39868421,521
2020-12-27T00:00:00.0000000Z,5.838,6.1,5.492,5.809,59598.20980573,1357
2020-12-28T00:00:00.0000000Z,5.793,6.15,5.765,5.91,39240.96969202,754
2020-12-29T00:00:00.0000000Z,5.927,5.994,5.412,5.729,31621.97253456,921
2020-12-30T00:00:00.0000000Z,5.695,5.794,5.617,5.681,9957.61298979,420
2020-12-31T00:00:00.0000000Z,5.697,5.802,5.567,5.675,18260.59232291,333
2021-01-01T00:00:00.0000000Z,5.631,5.856,5.6,5.71,12243.99848041,369
2021-01-02T00:00:00.0000000Z,5.71,5.943,5.615,5.776,24639.74794388,874
2021-01-03T00:00:00.0000000Z,5.778,6.7,5.768,6.56,95178.76728642,2639
2021-01-04T00:00:00.0000000Z,6.561,7.698,5.5,7.026,203889.05380583,4445
2021-01-05T00:00:00.0000000Z,7.04,7.479,6.707,7.27,39792.05913748,1634
2021-01-06T00:00:00.0000000Z,7.27,7.791,6.16,7.609,93823.03049426,2287
2021-01-07T00:00:00.0000000Z,7.583,7.797,6.453,7.189,118655.06055258,2642
2021-01-09T00:00:00.0000000Z,6.979,8.112,6.742,7.797,74390.06148281,2443
2021-01-10T00:00:00.0000000Z,7.843,9.541,7.83,8.878,379870.28438915,7346
2021-01-11T00:00:00.0000000Z,8.88,9.24,6.263,7.265,217723.32713465,5099
2021-01-12T00:00:00.0000000Z,7.266,7.686,6.84,7.029,45135.95974541,1751
2021-01-13T00:00:00.0000000Z,6.959,7.75,6.875,7.61,70094.50953082,1525
2021-01-14T00:00:00.0000000Z,7.61,8.1,7.372,7.746,65668.37544517,1874
2021-01-15T00:00:00.0000000Z,7.783,8.076,7.132,7.594,47092.60479192,1613
2021-01-16T00:00:00.0000000Z,7.606,8.178,7.432,7.793,36825.6620841,1145
2021-01-17T00:00:00.0000000Z,7.789,7.928,7.361,7.628,26987.03326305,709
2021-01-18T00:00:00.0000000Z,7.654,7.872,7.452,7.72,26795.1909409,750
2021-01-19T00:00:00.0000000Z,7.7,8.5,7.645,7.845,62737.38914449,1367
2021-01-20T00:00:00.0000000Z,7.819,8.024,7.4,7.923,27586.36226482,732
2021-01-21T00:00:00.0000000Z,7.902,8.15,7.01,7.135,32329.44907344,951
2021-01-22T00:00:00.0000000Z,7.134,7.583,6.66,7.468,64988.46311958,979
2021-01-23T00:00:00.0000000Z,7.447,7.632,7.256,7.522,25336.5916522,544
2021-01-24T00:00:00.0000000Z,7.42,7.798,7.416,7.671,21584.54460563,690
2021-01-25T00:00:00.0000000Z,7.665,7.966,7.368,7.52,42314.44890806,992
2021-01-26T00:00:00.0000000Z,7.471,7.612,7.062,7.473,25815.67729805,600
2021-01-27T00:00:00.0000000Z,7.44,7.44,6.664,6.858,13357.9894915,689
2021-01-28T00:00:00.0000000Z,6.842,8.59,6.782,7.688,83624.4746038,1675
2021-01-29T00:00:00.0000000Z,7.734,8.095,7.435,7.634,99715.38016099,1741
2021-01-30T00:00:00.0000000Z,7.633,7.789,7.327,7.576,37543.46169545,1101
2021-01-31T00:00:00.0000000Z,7.561,7.663,7.2,7.416,23565.29339687,949
2021-02-01T00:00:00.0000000Z,7.4,7.701,6.9,7.52,41192.53363838,1239
2021-02-02T00:00:00.0000000Z,7.52,7.899,7.472,7.8,43131.97512629,1247
2021-02-03T00:00:00.0000000Z,7.796,7.99,7.661,7.936,43155.24584312,1277
2021-02-04T00:00:00.0000000Z,7.946,8.097,7.405,7.657,27719.94150489,1076
2021-02-05T00:00:00.0000000Z,7.673,8.95,7.645,8.527,94975.78254002,2867
2021-02-06T00:00:00.0000000Z,8.528,9.143,8.252,8.796,116475.81288935,3133
2021-02-07T00:00:00.0000000Z,8.79,8.893,7.864,8.319,64580.00591714,2201
2021-02-08T00:00:00.0000000Z,8.315,8.847,8.126,8.72,42426.58467421,1642
2021-02-09T00:00:00.0000000Z,8.72,10.1,8.655,9.69,172000.84059223,3445
2021-02-10T00:00:00.0000000Z,9.654,11.59,9.311,10.39,202174.14811325,4745
2021-02-11T00:00:00.0000000Z,10.456,11.766,10.35,11.73,101603.99787357,3539
2021-02-12T00:00:00.0000000Z,11.77,14.0,11.18,12.039,93618.19269143,2624
2021-02-13T00:00:00.0000000Z,12.055,18.676,11.939,17.0,266945.12985385,9402
2021-02-14T00:00:00.0000000Z,17.001,18.294,15.988,16.081,153342.81458396,6168
2021-02-15T00:00:00.0000000Z,16.137,16.755,13.162,14.753,164193.7044474,5619
2021-02-16T00:00:00.0000000Z,14.752,15.5,13.656,14.451,68933.89451348,2619
2021-02-17T00:00:00.0000000Z,14.412,15.809,13.747,15.293,61817.23233941,2675
2021-02-18T00:00:00.0000000Z,15.308,17.69,14.676,14.968,73843.4595279,2456
2021-02-19T00:00:00.0000000Z,14.969,15.961,14.305,15.362,56925.88631249,2457
2021-02-20T00:00:00.0000000Z,15.415,17.5,14.62,15.129,118941.92955208,4612
2021-02-21T00:00:00.0000000Z,14.921,16.359,14.921,15.741,43605.83916063,2097
2021-02-22T00:00:00.0000000Z,15.544,15.703,11.95,14.011,122036.25120789,3468
2021-02-23T00:00:00.0000000Z,14.014,14.014,9.271,11.396,207518.66836871,4473
2021-02-24T00:00:00.0000000Z,11.396,12.69,10.941,11.905,89179.12457184,1849
2021-02-25T00:00:00.0000000Z,11.887,12.516,10.971,11.006,41005.58726351,1659
2021-02-26T00:00:00.0000000Z,10.97,11.265,10.1,10.727,34404.51671251,1436
2021-02-27T00:00:00.0000000Z,10.732,11.49,10.732,11.102,22395.68239832,1256
2021-02-28T00:00:00.0000000Z,11.07,11.089,9.75,10.38,41484.52188791,1307
2021-03-01T00:00:00.0000000Z,10.424,11.384,10.218,11.112,32290.74123464,964
2021-03-02T00:00:00.0000000Z,11.153,11.536,10.613,10.899,49637.58913106,1506
2021-03-03T00:00:00.0000000Z,10.865,11.901,10.845,11.348,78961.00314016,1236
2021-03-04T00:00:00.0000000Z,11.21,11.718,10.711,11.005,28188.95680521,1002
2021-03-05T00:00:00.0000000Z,10.983,11.09,10.357,10.955,16789.04161265,630
2021-03-06T00:00:00.0000000Z,10.994,11.215,10.642,11.122,26871.76800968,603
2021-03-07T00:00:00.0000000Z,11.159,11.773,11.126,11.522,17260.31026489,737
2021-03-08T00:00:00.0000000Z,11.586,12.368,11.062,11.756,53223.34376531,1062
2021-03-09T00:00:00.0000000Z,11.761,12.663,11.575,12.382,56209.50898542,1365
2021-03-10T00:00:00.0000000Z,12.413,12.76,11.695,11.977,33199.53907865,1068
2021-03-11T00:00:00.0000000Z,12.038,12.562,11.777,12.249,62545.72100012,1255
2021-03-12T00:00:00.0000000Z,12.341,12.561,11.422,11.927,27452.99256944,756
2021-03-13T00:00:00.0000000Z,11.933,14.292,11.559,13.824,84757.53683188,2297
2021-03-14T00:00:00.0000000Z,13.827,14.092,12.77,12.77,38980.21207686,1172
2021-03-15T00:00:00.0000000Z,12.807,13.109,11.828,12.11,48685.02151971,1207
2021-03-16T00:00:00.0000000Z,12.142,12.56,11.553,12.435,18377.10788999,749
2021-03-17T00:00:00.0000000Z,12.443,12.58,11.827,12.58,27390.14023042,823
2021-03-18T00:00:00.0000000Z,12.579,12.646,12.1,12.151,27360.49319938,872
2021-03-19T00:00:00.0000000Z,12.115,12.412,11.909,12.267,15648.71847024,604
2021-03-20T00:00:00.0000000Z,12.227,12.875,12.227,12.288,30885.35265291,883
2021-03-21T00:00:00.0000000Z,12.253,12.44,11.937,11.98,12105.60687021,416
2021-03-22T00:00:00.0000000Z,11.95,12.377,11.55,11.656,24161.34283942,791
2021-03-23T00:00:00.0000000Z,11.65,12.661,11.65,12.189,34816.91577577,1087
2021-03-24T00:00:00.0000000Z,12.221,12.579,11.001,11.373,27601.78630609,977
2021-03-25T00:00:00.0000000Z,11.3,11.446,10.788,11.104,25080.58978687,556
2021-03-26T00:00:00.0000000Z,11.168,11.791,11.168,11.791,10787.35496511,524
2021-03-27T00:00:00.0000000Z,11.782,11.978,11.469,11.807,7040.44077276,412
2021-03-28T00:00:00.0000000Z,11.762,12.044,11.729,11.86,8474.29761707,385
2021-03-29T00:00:00.0000000Z,11.855,12.75,11.73,12.606,20382.25185774,796
2021-03-30T00:00:00.0000000Z,12.622,13.04,12.301,13.0,27392.65413969,896
2021-03-31T00:00:00.0000000Z,13.002,14.305,12.636,14.116,53946.08103938,1983
2021-04-01T00:00:00.0000000Z,14.187,14.483,13.594,14.332,37123.10143482,1327
2021-04-02T00:00:00.0000000Z,14.332,15.59,14.111,15.228,56890.56757591,1961
2021-04-03T00:00:00.0000000Z,15.274,15.304,13.513,13.549,35433.7899646,1194
2021-04-04T00:00:00.0000000Z,13.537,14.607,13.384,14.589,24018.07147823,779
2021-04-05T00:00:00.0000000Z,14.603,16.039,14.335,16.008,50976.45447827,1805
2021-04-06T00:00:00.0000000Z,16.044,18.602,15.982,17.73,177845.16506352,4110
2021-04-07T00:00:00.0000000Z,17.73,20.775,16.91,19.142,225590.9468131,6478
2021-04-08T00:00:00.0000000Z,19.133,19.864,18.017,19.599,36243.25052992,1737
2021-04-09T00:00:00.0000000Z,19.591,20.052,18.539,18.77,26318.00523804,1024
2021-04-10T00:00:00.0000000Z,18.5,21.195,18.363,20.42,56604.2475876,2183
2021-04-11T00:00:00.0000000Z,20.434,21.43,19.876,20.348,47335.8267366,1977
2021-04-12T00:00:00.0000000Z,20.337,20.5,19.028,19.561,37518.66644502,1183
2021-04-13T00:00:00.0000000Z,19.522,22.051,19.412,21.19,85877.46882845,2275
2021-04-14T00:00:00.0000000Z,21.19,22.728,20.19,21.743,60615.32665902,2438
2021-04-15T00:00:00.0000000Z,21.967,29.0,21.414,28.189,238502.49188617,6631
2021-04-16T00:00:00.0000000Z,28.815,46.0,28.775,38.452,668197.28760392,18616
2021-04-17T00:00:00.0000000Z,38.829,49.909,37.212,38.153,356914.53701552,11615
2021-04-19T00:00:00.0000000Z,37.312,38.415,32.138,33.506,105849.97129359,3218
2021-04-20T00:00:00.0000000Z,33.571,35.034,30.095,33.695,38041.52777802,1452
2021-04-21T00:00:00.0000000Z,33.95,35.449,31.597,32.196,41453.38506993,1681
2021-04-22T00:00:00.0000000Z,31.9,39.466,31.544,33.548,136788.90702865,5187
2021-04-23T00:00:00.0000000Z,33.559,34.45,25.83,30.819,102066.14885785,3339
2021-04-24T00:00:00.0000000Z,32.836,32.849,31.629,31.629,1234.73078419,94
2021-04-25T00:00:00.0000000Z,29.546,31.863,27.779,29.081,40627.10713172,1383
2021-04-26T00:00:00.0000000Z,29.253,32.916,29.236,32.916,40096.26050535,1634
2021-04-27T00:00:00.0000000Z,32.947,34.402,32.038,33.681,40822.88965778,1635
2021-04-28T00:00:00.0000000Z,33.966,36.361,32.305,35.084,42267.33905748,2067
2021-04-29T00:00:00.0000000Z,35.004,35.278,33.629,34.499,30949.10513323,1142
2021-04-30T00:00:00.0000000Z,34.533,36.72,33.674,36.348,34844.51844983,1439
2021-05-01T00:00:00.0000000Z,36.358,46.587,36.305,44.721,176303.91039361,5998
2021-05-02T00:00:00.0000000Z,44.748,46.563,42.053,44.802,128279.27614205,4576
2021-05-03T00:00:00.0000000Z,44.81,52.598,44.359,52.217,155519.65328476,6166
2021-05-04T00:00:00.0000000Z,52.357,73.179,49.102,69.393,554851.09431708,19361
2021-05-05T00:00:00.0000000Z,69.444,100.899,68.201,94.891,1122262.29490286,47355
2021-05-06T00:00:00.0000000Z,94.765,176.72,87.0,134.174,1651091.29637031,86539
2021-05-07T00:00:00.0000000Z,134.078,145.88,106.871,119.939,989178.1023615,50721
2021-05-08T00:00:00.0000000Z,120.109,140.0,111.005,128.553,451746.74818006,27383
2021-05-09T00:00:00.0000000Z,128.589,130.851,113.33,118.979,239232.88340383,17309
2021-05-10T00:00:00.0000000Z,119.047,131.908,91.251,105.96,332864.81895885,18506
2021-05-11T00:00:00.0000000Z,105.957,118.5,103.0,112.98,192431.83182714,9592
2021-05-12T00:00:00.0000000Z,113.044,116.589,82.22,84.366,257985.91701441,13390
2021-05-13T00:00:00.0000000Z,84.284,95.326,79.169,88.902,290319.63511836,13948
2021-05-14T00:00:00.0000000Z,88.844,110.664,87.15,103.703,260913.24166939,14351
2021-05-15T00:00:00.0000000Z,103.87,114.358,94.627,94.796,132534.83165568,7702
2021-05-16T00:00:00.0000000Z,95.011,103.213,86.716,93.687,114493.85241356,5690
2021-05-17T00:00:00.0000000Z,93.77,94.189,81.0,90.048,138752.32747191,7068
2021-05-18T00:00:00.0000000Z,90.43,95.726,86.005,89.117,57277.87155277,3476
2021-05-19T00:00:00.0000000Z,88.883,90.257,42.0,59.688,492633.78939793,18762
2021-05-20T00:00:00.0000000Z,59.557,80.403,54.514,73.807,166744.55590088,8175
2021-05-21T00:00:00.0000000Z,73.603,78.355,54.338,64.303,148537.36690572,7300
2021-05-22T00:00:00.0000000Z,64.21,65.446,54.433,58.513,52689.6274163,2700
2021-05-23T00:00:00.0000000Z,58.034,62.63,40.064,52.292,142372.43335794,6231
2021-05-24T00:00:00.0000000Z,51.964,74.927,48.984,73.821,120731.01808829,6011
2021-05-25T00:00:00.0000000Z,73.5,83.426,70.142,78.385,332709.32767687,12836
2021-05-26T00:00:00.0000000Z,78.466,89.0,73.925,79.947,213936.6448397,7707
2021-05-27T00:00:00.0000000Z,79.994,80.0,71.351,74.333,63548.78456472,3667
2021-05-28T00:00:00.0000000Z,74.287,79.159,63.601,68.146,84824.62562323,4422
2021-05-29T00:00:00.0000000Z,68.187,70.933,60.875,64.236,43909.22507019,1842
2021-05-30T00:00:00.0000000Z,64.109,68.332,60.254,66.163,45503.60863018,2108
2021-05-31T00:00:00.0000000Z,65.729,70.734,62.0,70.105,42764.84153116,1962
2021-06-01T00:00:00.0000000Z,69.99,71.98,65.775,67.856,37591.24509096,1330
2021-06-02T00:00:00.0000000Z,67.502,70.342,65.81,68.312,25786.59038638,1309
2021-06-03T00:00:00.0000000Z,68.297,72.572,67.3,70.003,35090.71160149,1443
2021-06-04T00:00:00.0000000Z,69.703,69.812,61.5,65.084,29597.60419292,1690
2021-06-05T00:00:00.0000000Z,64.88,67.315,61.707,62.931,22003.61595008,970
2021-06-06T00:00:00.0000000Z,63.268,65.589,62.988,63.974,17930.05621749,806
2021-06-07T00:00:00.0000000Z,64.329,65.121,57.398,58.049,22521.06764702,1174
2021-06-08T00:00:00.0000000Z,57.706,59.279,49.649,56.928,52197.38870541,2218
2021-06-09T00:00:00.0000000Z,56.723,62.784,53.648,62.04,61776.67487176,1898
2021-06-10T00:00:00.0000000Z,62.938,63.465,57.063,58.016,30985.90001259,1208
2021-06-11T00:00:00.0000000Z,57.971,60.65,56.186,56.779,19971.04152904,837
2021-06-12T00:00:00.0000000Z,56.618,56.746,53.105,55.209,13079.01123614,727
2021-06-13T00:00:00.0000000Z,55.23,60.456,53.893,59.011,20037.33193985,919
2021-06-14T00:00:00.0000000Z,59.073,60.78,56.313,59.237,20292.98164147,1061
2021-06-15T00:00:00.0000000Z,59.433,60.218,57.349,58.44,24972.09782506,970
2021-06-16T00:00:00.0000000Z,58.2,58.32,54.909,55.286,28716.66177337,901
2021-06-17T00:00:00.0000000Z,55.4,57.209,54.214,55.464,13525.17826972,509
2021-06-18T00:00:00.0000000Z,55.323,55.335,50.58,52.485,22826.66403092,805
2021-06-19T00:00:00.0000000Z,52.6,53.147,50.952,50.952,19646.60944564,453
2021-06-20T00:00:00.0000000Z,50.848,51.396,47.0,50.967,34746.27695163,968
2021-06-21T00:00:00.0000000Z,51.15,51.325,38.923,39.417,72816.24163362,2836
2021-06-22T00:00:00.0000000Z,39.706,42.76,32.3,36.36,71791.42607083,2874
2021-06-23T00:00:00.0000000Z,36.452,42.745,35.327,40.645,28940.80767289,1171
2021-06-24T00:00:00.0000000Z,40.958,43.5,38.925,43.079,15758.89303655,611
2021-06-25T00:00:00.0000000Z,43.335,45.403,39.012,39.611,59771.32745005,1763
2021-06-26T00:00:00.0000000Z,39.512,40.955,37.633,40.434,19377.87788306,629
2021-06-27T00:00:00.0000000Z,40.462,42.457,39.481,42.267,6247.58228706,385
2021-06-28T00:00:00.0000000Z,42.28,44.525,41.198,43.396,25409.4602639,789
2021-06-29T00:00:00.0000000Z,43.41,59.171,43.41,56.659,76695.52269291,3190
2021-06-30T00:00:00.0000000Z,57.003,62.999,51.882,57.934,127504.10498901,4509
2021-07-01T00:00:00.0000000Z,57.6,58.389,52.56,53.242,41694.38473774,1840
2021-07-02T00:00:00.0000000Z,53.46,55.368,50.732,53.792,49945.38456857,1261
2021-07-03T00:00:00.0000000Z,53.799,58.516,52.56,56.9,39462.97683125,1474
2021-07-04T00:00:00.0000000Z,56.857,58.917,56.133,56.381,25040.30510068,1047
2021-07-05T00:00:00.0000000Z,56.378,56.909,53.0,53.771,23903.0260958,832
2021-07-06T00:00:00.0000000Z,54.187,56.854,53.673,54.808,10839.6945449,639
2021-07-07T00:00:00.0000000Z,54.864,55.639,52.621,52.666,16462.48432677,760
2021-07-08T00:00:00.0000000Z,52.706,52.846,48.739,49.68,33467.37185502,934
2021-07-09T00:00:00.0000000Z,49.398,51.936,46.495,50.676,55617.00465155,1372
2021-07-10T00:00:00.0000000Z,50.375,51.4,48.302,49.325,10477.86745933,550
2021-07-11T00:00:00.0000000Z,49.247,52.521,48.582,50.1,23474.06428491,642
2021-07-12T00:00:00.0000000Z,49.84,50.82,47.24,48.399,24832.40824862,1186
2021-07-13T00:00:00.0000000Z,48.213,48.746,45.639,46.021,25683.65448035,1383
2021-07-14T00:00:00.0000000Z,46.033,47.774,42.872,45.62,23630.79592665,1020
2021-07-15T00:00:00.0000000Z,45.715,47.142,42.385,43.101,12793.24078111,682
2021-07-16T00:00:00.0000000Z,43.529,43.92,40.805,41.443,12460.86316581,824
2021-07-17T00:00:00.0000000Z,41.511,43.292,40.5,41.7,13757.29230299,610
2021-07-18T00:00:00.0000000Z,41.7,43.292,41.239,42.099,13378.48620648,641
2021-07-19T00:00:00.0000000Z,41.974,43.899,40.675,41.612,28903.76986794,1168
2021-07-20T00:00:00.0000000Z,41.641,42.147,37.835,39.46,26878.84287337,1235
2021-07-21T00:00:00.0000000Z,39.408,44.078,38.901,42.964,25322.39723757,1236
2021-07-22T00:00:00.0000000Z,43.009,44.307,42.17,43.352,40655.38570738,1113
2021-07-23T00:00:00.0000000Z,43.422,46.827,43.281,45.848,15042.72313455,1930
2021-07-24T00:00:00.0000000Z,45.969,51.702,45.203,49.656,17738.89343089,1177
2021-07-25T00:00:00.0000000Z,49.591,49.912,46.377,48.63,16563.77509928,818
2021-07-26T00:00:00.0000000Z,48.557,56.037,47.789,48.504,45420.40303516,2814
2021-07-27T00:00:00.0000000Z,48.405,50.4,46.245,49.584,18937.33883623,1215
2021-07-28T00:00:00.0000000Z,49.388,51.147,48.077,49.229,11551.89268281,907
2021-07-29T00:00:00.0000000Z,49.348,50.128,48.405,49.4,5047.20098609,494
2021-07-30T00:00:00.0000000Z,49.584,51.552,47.402,50.896,51656.4571286,1523
2021-07-31T00:00:00.0000000Z,50.683,52.266,49.691,51.323,19457.66769639,933
2021-08-01T00:00:00.0000000Z,51.198,53.979,49.408,50.34,22300.50590919,1558
2021-08-02T00:00:00.0000000Z,50.226,52.231,49.38,51.358,5902.29752304,650
2021-08-03T00:00:00.0000000Z,51.42,52.108,48.398,49.51,30929.41677025,1083
2021-08-04T00:00:00.0000000Z,49.492,52.237,48.493,51.568,15143.62572773,689
2021-08-05T00:00:00.0000000Z,51.546,53.5,48.941,52.568,52466.19642392,1434
2021-08-06T00:00:00.0000000Z,52.661,53.754,51.358,53.044,23639.6745436,850
2021-08-07T00:00:00.0000000Z,52.867,61.2,52.748,61.051,51499.32216645,3242
2021-08-08T00:00:00.0000000Z,60.725,63.691,55.859,57.114,65285.25637771,2659
2021-08-09T00:00:00.0000000Z,57.25,60.4,55.112,59.199,32424.15664999,1613
2021-08-10T00:00:00.0000000Z,59.0,60.435,57.003,58.688,10012.49239003,942
2021-08-11T00:00:00.0000000Z,59.029,63.832,58.64,60.985,64786.50721415,2351
2021-08-12T00:00:00.0000000Z,60.62,65.742,57.56,60.05,44717.72581258,2357
2021-08-13T00:00:00.0000000Z,60.127,64.512,59.384,64.227,39988.15329532,1468
2021-08-14T00:00:00.0000000Z,64.513,67.742,61.836,67.256,50128.31100057,2836
2021-08-15T00:00:00.0000000Z,67.356,77.249,67.14,75.066,75882.27093913,4564
2021-08-16T00:00:00.0000000Z,75.2,75.775,64.53,68.966,65316.98414232,2842
2021-08-17T00:00:00.0000000Z,69.19,71.772,61.22,62.79,45671.36254654,2480
2021-08-18T00:00:00.0000000Z,63.267,66.211,59.724,63.983,21111.34239305,1850
2021-08-19T00:00:00.0000000Z,63.927,67.0,60.639,67.0,37404.87408248,1380
2021-08-20T00:00:00.0000000Z,67.0,70.393,66.146,70.115,37815.72070272,1749
2021-08-21T00:00:00.0000000Z,70.191,70.246,66.957,67.658,17873.83618237,883
2021-08-22T00:00:00.0000000Z,67.794,68.612,64.852,67.605,11784.73254136,892
2021-08-23T00:00:00.0000000Z,67.553,69.509,66.817,68.269,22160.67500564,1034
2021-08-24T00:00:00.0000000Z,68.475,68.591,61.145,63.16,26742.19022814,1464
2021-08-25T00:00:00.0000000Z,63.014,64.896,61.129,63.669,13939.47371658,871
2021-08-26T00:00:00.0000000Z,63.391,64.323,58.753,59.921,19429.62045105,1687
2021-08-27T00:00:00.0000000Z,60.071,64.238,58.877,64.15,11182.73006578,1037
2021-08-28T00:00:00.0000000Z,64.19,66.682,63.077,64.229,15465.19579701,1021
2021-08-29T00:00:00.0000000Z,64.323,65.818,63.0,63.349,5060.45042857,581
2021-08-30T00:00:00.0000000Z,63.306,64.905,61.154,62.015,12382.77928386,915
2021-08-31T00:00:00.0000000Z,61.752,65.055,60.748,64.135,15689.94562159,1090
2021-09-01T00:00:00.0000000Z,63.849,69.045,62.454,69.005,28195.52564483,1468
2021-09-02T00:00:00.0000000Z,68.941,70.142,66.644,67.754,27188.51669646,1664
2021-09-03T00:00:00.0000000Z,68.305,72.54,66.141,70.023,47009.36379362,2144
2021-09-04T00:00:00.0000000Z,70.077,71.315,68.17,69.253,18056.62497152,1035
2021-09-05T00:00:00.0000000Z,69.007,73.897,68.305,73.526,29005.69045775,1514
2021-09-06T00:00:00.0000000Z,73.467,77.386,71.352,73.752,36366.70509172,2103
2021-09-07T00:00:00.0000000Z,73.44,73.788,50.0,59.315,90185.27281555,5681
2021-09-08T00:00:00.0000000Z,59.55,61.312,53.462,58.858,31988.75671419,2073
2021-09-09T00:00:00.0000000Z,58.797,60.323,57.56,58.851,16238.24585666,1078
2021-09-10T00:00:00.0000000Z,58.901,60.334,55.026,56.211,16543.95750253,936
2021-09-11T00:00:00.0000000Z,56.3,58.16,55.712,56.613,8428.08377705,437
2021-09-12T00:00:00.0000000Z,57.297,58.898,56.16,58.223,3897.53466108,507
2021-09-13T00:00:00.0000000Z,58.198,58.198,53.6,55.694,12818.8808428,953
2021-09-14T00:00:00.0000000Z,55.552,57.33,55.193,57.01,9837.415073,584
2021-09-15T00:00:00.0000000Z,57.251,59.33,56.351,59.093,21251.32340246,621
2021-09-16T00:00:00.0000000Z,58.997,59.961,56.874,58.027,10021.92048657,734
2021-09-17T00:00:00.0000000Z,57.906,58.986,56.061,56.534,8833.60828158,499
2021-09-18T00:00:00.0000000Z,56.558,58.301,55.72,57.264,14391.63205352,376
2021-09-19T00:00:00.0000000Z,56.882,57.061,54.862,55.316,18220.90785747,278
2021-09-20T00:00:00.0000000Z,55.019,55.019,47.239,48.88,19531.22221305,1011
2021-09-21T00:00:00.0000000Z,49.116,50.302,44.608,45.693,15501.35912279,759
2021-09-22T00:00:00.0000000Z,45.459,51.273,45.094,51.2,6423.35959558,449
2021-09-23T00:00:00.0000000Z,51.41,51.586,49.542,51.33,6874.33561777,318
2021-09-24T00:00:00.0000000Z,51.35,51.768,44.235,47.491,14448.03280925,660
2021-09-25T00:00:00.0000000Z,47.942,49.617,46.321,47.371,12303.34860419,475
2021-09-26T00:00:00.0000000Z,47.474,48.24,44.205,47.178,9972.96736487,480
2021-09-27T00:00:00.0000000Z,46.89,48.35,45.489,45.489,7791.41733125,357
2021-09-28T00:00:00.0000000Z,45.491,48.951,44.871,45.031,12069.17425639,592
2021-09-29T00:00:00.0000000Z,45.256,46.89,44.776,45.534,3385.53339794,214
2021-09-30T00:00:00.0000000Z,45.749,47.157,45.664,47.037,3881.99875208,278
